block_id,date,speaker,段落数,冒頭
121905254X00320251104_008#6,2025-11-04,高市早苗,1,内閣としては、物価高対策としてすぐに対応できることをまず優先すべきと考えておりま
121905254X00320251104_008#9,2025-11-04,高市早苗,4,給付つき税額控除の導入についてお尋ねがございました。
121905254X00420251105_004#1,2025-11-05,高市早苗,3,自民党と日本維新の会の連立合意書における消費税の記載についてお尋ねがございました
121905254X00420251105_015#1,2025-11-05,高市早苗,2,まず、物価高対策としての消費税減税と現金給付についてお尋ねがございました。
121905254X00420251105_015#2,2025-11-05,高市早苗,2,我が国の経済につきましては、一九九〇年代のバブル崩壊以降、低い経済成長と長引くデ
121905254X00420251105_015#3,2025-11-05,高市早苗,3,消費税収の経理の在り方についてのお尋ねがございました。
121905254X00420251105_018#2,2025-11-05,高市早苗,2,その上で、消費税につきましては、税収が景気や人口構成の変化に左右されにくく安定し
121905254X00720251208_025#10,2025-12-08,高市早苗,4,消費税についてお尋ねがありました。
121905254X00720251208_035#1,2025-12-08,高市早苗,4,消費税についてお尋ねがありました。
121915254X00420251106_010#1,2025-11-06,高市早苗,2,給付付き税額控除の導入についてお尋ねがございました。
121915254X00420251106_010#9,2025-11-06,高市早苗,4,医療に係る消費税についてお尋ねがございました。
121915254X00420251106_013#2,2025-11-06,高市早苗,3,消費税減税等についてお尋ねがございました。
121915254X00420251106_024#4,2025-11-06,高市早苗,2,我が国の経済につきましては、一九九〇年代のバブル崩壊以降、低い経済成長と長引くデ
121915254X00420251106_024#5,2025-11-06,高市早苗,1,消費減税より有効な物価高対策についてのお尋ねがございました。
121915254X00420251106_024#6,2025-11-06,高市早苗,2,消費税のインボイス制度についてお尋ねがございました。
121915254X00420251106_027#6,2025-11-06,高市早苗,1,消費税率の引下げにつきましても、これも先般も答弁をいたしましたけれども、選択肢と
121915254X00720251203_035#4,2025-12-03,高市早苗,4,消費税についてお尋ねがございました。
121915254X00720251203_036#1,2025-12-03,片山さつき,3,安藤議員から、消費税についてお尋ねがありました。
121915254X00720251203_039#1,2025-12-03,高市早苗,3,なお、消費税率の引下げについては、選択肢として排除するものではありませんが、内閣
121915254X00720251203_042#4,2025-12-03,高市早苗,2,消費税についてお尋ねがありました。
121915254X00920251208_005#4,2025-12-08,高市早苗,5,消費税についてお尋ねがありました。
121915254X00920251208_030#0,2025-12-08,片山さつき,1,また、消費税の効果について、受益と負担を仮に御議論をするという場合におきましては
122105254X00220260220_016#0,2026-02-20,高市早苗,2,税、社会保険料負担や物価高に苦しむ中所得、低所得の方々の負担を減らすため、給付付
122105254X00220260220_022#0,2026-02-20,城内実,1,社会保障は、夢や希望の実現を諦めることなく、安心して働き、暮らしていくための基盤
122105254X00320260224_004#10,2026-02-24,高市早苗,2,食料品の消費減税についてお尋ねがありました。
122105254X00320260224_004#12,2026-02-24,高市早苗,5,食料品の消費税率ゼロについては、党派によりその主張が様々であり、実施に向け検討す
122105254X00320260224_004#28,2026-02-24,高市早苗,1,日本列島を、強く豊かに。これは、さきの総選挙における自由民主党の政権公約そのもの
122105254X00320260224_012#1,2026-02-24,高市早苗,3,食料品消費税と給付つき税額控除についてお尋ねがありました。
122105254X00420260225_006#10,2026-02-25,高市早苗,2,食料品の消費税率ゼロの税法上の位置づけについてお尋ねがありました。
122105254X00420260225_006#11,2026-02-25,高市早苗,2,食料品の消費税ゼロの対象品目についてお尋ねがありました。
122105254X00420260225_006#12,2026-02-25,高市早苗,4,食料品の消費税率ゼロを二年間限定とすることについてお尋ねがありました。
122105254X00420260225_006#13,2026-02-25,高市早苗,2,日銀の保有するＥＴＦと外国人の消費税免税措置についてお尋ねがありました。
122105254X00420260225_006#14,2026-02-25,高市早苗,6,国民会議での議論と食料品の消費税減税の関係及び単一税率への消費税減税についてお尋
122105254X00420260225_006#9,2026-02-25,高市早苗,3,食料品の消費税率ゼロの実施時期についてお尋ねがありました。
122105254X00420260225_009#10,2026-02-25,高市早苗,2,政府・与党としては、食料品の消費税率ゼロについては、給付つき税額控除の実施までの
122105254X00420260225_009#9,2026-02-25,高市早苗,3,消費税の段階的廃止などについてお尋ねがありました。
122105254X00420260225_012#1,2026-02-25,高市早苗,2,食料品の消費税減税についてお尋ねがございました。
122105254X00420260225_012#2,2026-02-25,高市早苗,1,このため、給付つき税額控除の制度設計に当たっても、こうした問題意識を持ちながら、
122105254X00420260225_012#5,2026-02-25,高市早苗,1,なお、政府としては、税、社会保険料負担に苦しむ子育て中の中所得、低所得の方々を集
122105254X00520260305_009#6,2026-03-05,片山さつき,1,免税事業者からの仕入れに関するいわゆる八割控除は、インボイス制度導入によって小規
122105254X00520260305_025#0,2026-03-05,林芳正,3,次に、食料品の消費税減税の実現による地方財政への影響について御質問がありました。
122105254X01120260409_021#1,2026-04-09,高市早苗,1,社会保障国民会議におきましては、まずは給付つき税額控除や食料品の消費税率ゼロを同
122105254X02220260603_021#5,2026-06-03,高市早苗,1,政府・与党としては、中所得、低所得の方の負担軽減を図るため、国民会議において、給
122105254X02220260603_021#6,2026-06-03,高市早苗,3,食料品の消費税率や給付つき税額控除の本格導入を見据えた簡素な給付措置についてのお
122115254X00320260225_003#1,2026-02-25,高市早苗,1,品物は、本体価格プラスシステム料プラス送料に消費税を掛けまして一人分約三万円で、
122115254X00320260225_003#10,2026-02-25,高市早苗,3,食料品の消費税減税及び責任ある積極財政についてお尋ねがありました。
122115254X00320260225_006#4,2026-02-25,高市早苗,3,税、社会保険料負担や物価高に苦しむ中所得、低所得の方々の負担を減らすため、給付付
122115254X01220260513_009#7,2026-05-13,高市早苗,2,このため、社会保障国民会議においては、国民の皆様の受益と負担に関わる給付付き税額
122115254X01820260603_027#2,2026-06-03,高市早苗,3,消費税の恒久的な減税や廃止についてお尋ねがありました。
