term,df_target,df_rest,score,example
消費税率,43,0,7.37,、原油及び石油関連製品の安定供給の見通し、食料品の消費税率引下げに関する課題、政治活動におけるＳＮＳ
会議録,4,0,4.93,利用の在り方など、多岐にわたりましたが、その詳細は会議録によって御承知願いたいと存じます。
御承知,4,0,4.93,ど、多岐にわたりましたが、その詳細は会議録によって御承知願いたいと存じます。
食料品,71,11,4.87,防衛費以外にも、今後、高市総理が悲願とまで言われた食料品消費税ゼロ、官民で総額三百七十兆円規模とされ
インボイス,24,3,4.76,業・小規模事業者を支える税制も不十分です。消費税のインボイスに係る経過措置であるいわゆる二割特例は三
つなぎ,10,1,4.71,総理が、消費税減税はあくまで給付つき税額控除までのつなぎの措置であり、本丸は給付つき税額控除だと考え
飲食料,16,4,4.08,現在は軽減税率八％の対象となっていない品目も含めて飲食料品の消費税をゼロにするのかどうか、これも伺い
計算,5,1,4.04,八％をゼロ％とした場合の地方の減収見込額を機械的に計算をいたしますと、地方消費税分が一・一兆円、地方
飲食店,4,1,3.83,週末、地元に帰って農家や飲食店の経営者と話をしましたが、食料品の消費税ゼロ
改修,4,1,3.83,税率の引下げについては、大手事業者の関連システムの改修等に一年以上掛かるとの課題があり、物価高対策と
滞納,10,4,3.61,令和六年度における税金の新規滞納発生額は九千九百二十五億円、前年度比二四・一％
担税力,5,2,3.53,算に関する本会議で消費税に関して、消費税は、消費に担税力を認めて課されるものであり、多額の消費を行う
留意,14,7,3.43,社会保障給付という形で家計に還元されていることにも留意する必要があります。
売上げ,4,2,3.32,格に上乗せされて消費者が負担している税金ではなく、売上げに課税されているため、赤字企業にも課税される
減税,71,54,3.3,しかし、残念ながら、消費税については一律税率にして減税するという議論は排除され、食料品のみ、二年間限
免税,7,4,3.26,免税事業者からの仕入れに関するいわゆる八割控除は、
特徴,5,3,3.19,役世代など特定の層に負担が集中することがないなどの特徴を有しています。
視野,5,3,3.19,については、二年間に限り消費税の対象としないことも視野に、法制化につき検討を行うとされているように、
税率,31,23,3.14,きません。しかし、残念ながら、消費税については一律税率にして減税するという議論は排除され、食料品のみ
税額控除,51,42,3.12,保し、どのような社会保障国家を目指すのか。給付付き税額控除や消費税のみならず、将来にわたり持続可能な
優遇,4,3,2.99,げ続けてきたという事実であります。これでは、大企業優遇、中小企業切捨てと言われても仕方がないのではな
納付,4,3,2.99,とが予定されている税であり、消費者が負担し事業者が納付する間接税であると説明をしてきました。しかし、
納税,9,7,2.99,税金です。売上げに課税されているから、赤字企業にも納税額が発生します。利益が出ていない事業者に納税資
還元,12,10,2.94,ちの状況でした。税収増の果実は、納税者である国民に還元されるべきではなかったのでしょうか。
並行,6,5,2.91,まずは給付付き税額控除と食料品の消費税率ゼロを同時並行的に議論を進め、その上で、給付付き税額控除の議
外食,6,5,2.91,酒、外食、ケータリングなど、現在は軽減税率八％の対象と
段階的,5,5,2.74,担率に三五％のキャップをはめること、そして消費税の段階的廃止を訴えています。私たちが訴える消費税の減
本丸,6,6,2.74,あくまで給付つき税額控除までのつなぎの措置であり、本丸は給付つき税額控除だと考えているなら、給付つき
経過措置,5,5,2.74,を支える税制も不十分です。消費税のインボイスに係る経過措置であるいわゆる二割特例は三割特例に縮減され
非課税,5,5,2.74,を主張したのも、今まさに医療業界が被っている消費税非課税による負担が飲食業界にも同じく発生する可能性
排除,10,12,2.58,消費税については一律税率にして減税するという議論は排除され、食料品のみ、二年間限定の減税が議論されて
詳細,5,6,2.57,ＳＮＳ利用の在り方など、多岐にわたりましたが、その詳細は会議録によって御承知願いたいと存じます。
補填,4,5,2.53,る。その結果、公立病院の八割以上が赤字に陥り、その補填は社会保障費で賄われ、最終的には社会保険料の引
消費者,13,18,2.45,消費税は、必ず価格に上乗せされて消費者が負担している税金ではなく、売上げに課税され
増税,13,19,2.4,の負担が実質的に重くなる、言わばインフレによる自動増税によるものです。実質賃金が目減りし、人々の生活
給付,55,95,2.39,財源を確保し、どのような社会保障国家を目指すのか。給付付き税額控除や消費税のみならず、将来にわたり持
徴収,4,6,2.37,なのです。納税できないのが当然の税制を放置したまま徴収強化だけを進めるのは、本末転倒です。
景気,8,12,2.36,日本でも、第一次石油危機の一九七四年、狂乱物価と景気悪化に対して所得税減税が行われました。つまり、
移行,8,12,2.36,るからです。消費税減税から所得税、住民税の減税への移行は、税目が異なるので、つなぎにはなりません。
一律,9,14,2.33,現できません。しかし、残念ながら、消費税については一律税率にして減税するという議論は排除され、食料品
応能,5,8,2.3,ますので、担税力に応じた税負担の配分を意味する税の応能負担の原則は損なわれていないと考えておりますと
年金,5,8,2.3,還元されており、仮に恒久的な減税や廃止をした場合、年金、医療、介護、少子化対策という国民の皆様の暮ら
左右,5,8,2.3,消費税については、税収が景気や人口構成の変化に左右されにくく安定している、現役世代など特定の層に
消費,19,32,2.28,その少なからぬ部分は、物価上昇に伴う消費税収の増加と、名目賃金の上昇で所得税の負担が実
妨害,4,7,2.22,、滞納率が最も高い、賃上げの原資を奪っている賃上げ妨害税です。その上、人材投資や設備投資の原資も奪っ
構成,5,9,2.19,消費税については、税収が景気や人口構成の変化に左右されにくく安定している、現役世代な
年間,38,75,2.19,にして減税するという議論は排除され、食料品のみ、二年間限定の減税が議論されているのみです。これでは全
選択肢,6,11,2.17,うとされているように、消費税率の引下げについては、選択肢として排除するものではありません。
富裕層,4,8,2.1,一部の富裕層のみに利益が集中する積極財政ではなく、インボ
事務,5,10,2.09,避けるための言い訳ではないですか。また、準備期間や事務負担などが要因とおっしゃるなら、増税の際にはそ
引下げ,13,26,2.09,び石油関連製品の安定供給の見通し、食料品の消費税率引下げに関する課題、政治活動におけるＳＮＳ利用の在
法人税,8,16,2.08,のは、中小企業を苦しめる消費税は上げ続けた一方で、法人税は下げ続けてきたという事実であります。これで
廃止,34,74,2.07,三五％のキャップをはめること、そして消費税の段階的廃止を訴えています。私たちが訴える消費税の減税、廃
家計,14,29,2.06,するインフレ局面では、一時的な価格抑制だけでなく、家計の所得を支える財政措置や税負担軽減が重要である
事業者,31,68,2.05,、赤字企業にも納税額が発生します。利益が出ていない事業者に納税資金があるはずがありません。滞納の増加
給付金,5,11,2.0,しかし、今回の補正には、安倍政権が行ったような一律給付金もなく、総理が国家の品格とまで語った限定的な
恒久,4,9,1.99,そして令和九年度予算において、より大胆な財政出動で恒久的に国民を支えていただきたいのです。
課税,15,34,1.97,せされて消費者が負担している税金ではなく、売上げに課税されているため、赤字企業にも課税される税金です
限定,8,19,1.92,て減税するという議論は排除され、食料品のみ、二年間限定の減税が議論されているのみです。これでは全く解
取引,6,15,1.87,としないとの公約の記述がありますが、これは、非課税取引にするという意味か、それとも、課税取引だけれど
社会保障,35,97,1.83,とはできません。どのように財源を確保し、どのような社会保障国家を目指すのか。給付付き税額控除や消費税
位置,6,16,1.81,給付つき税額控除の実施までの二年間に限ったつなぎと位置づけ、給付つき税額控除への移行を見据えて検討を
中小企業,13,35,1.8,を検討しない限り、日本社会の宝であり、地方を支える中小企業の復活や中小企業で働く皆さんの賃上げは実現
税収,14,38,1.79,その少なからぬ部分は、物価上昇に伴う消費税収の増加と、名目賃金の上昇で所得税の負担が実質的
導入,20,56,1.77,減税も給付も何もありません。給付つき税額控除の本格導入を見据え、中低所得の勤労者向けの簡素な給付措置
小規模,6,17,1.75,また、中小企業・小規模事業者を支える税制も不十分です。消費税のイン
連立,9,26,1.72,自民党と日本維新の会の連立合意書においては、飲食料品については、二年間に
他方,5,15,1.7,同じ財源について、一方では柔軟に使うと言いながら、他方では社会保障のための税と説明することは論理的に
転嫁,6,18,1.69,とがないから良い税金なのだとおっしゃいますが、価格転嫁もままならない中小零細企業やフリーランスの方々
原因,6,18,1.69,同じことが社会保険料にも言えます。倒産の直接原因に国自身が課す公租公課が上がっており、その大き
大企業,5,16,1.64,税は下げ続けてきたという事実であります。これでは、大企業優遇、中小企業切捨てと言われても仕方がないの
中間,4,13,1.63,でのつなぎと位置づけ、国民会議で議論を進め、夏前に中間取りまとめを行う方針を示されました。
お金,4,13,1.63,には、高市内閣はあくまで減税はしない、国民の手元にお金を残す意思がないというメッセージを送ることにな
倒産,4,13,1.63,同じことが社会保険料にも言えます。倒産の直接原因に国自身が課す公租公課が上がっており
金額,4,13,1.63,数税率の下で事業者が仕入れ税額控除において差し引く金額を正しく計算できるようにすることで、消費税の課
公約,4,13,1.63,次に、高市総理の選挙公約の目玉である二年間限定の食料品消費税ゼロについ
対象,16,52,1.61,過措置であるいわゆる二割特例は三割特例に縮減され、対象も個人事業主のみに絞られてしまいます。厳しい経
利益,6,20,1.59,税されているから、赤字企業にも納税額が発生します。利益が出ていない事業者に納税資金があるはずがありま
税金,5,17,1.58,令和六年度における税金の新規滞納発生額は九千九百二十五億円、前年度比
来年,5,17,1.58,いて我々は疑問を呈していますが、実現しても早くても来年四月というのでは遅過ぎるということも指摘せざる
野党,11,37,1.57,すが、仮に国民会議で意見がまとまらなかった場合は、野党の反対を理由に食料品消費税ゼロをやめるんでしょ
意味,6,21,1.54,す。言葉で責任を標榜しても、実態が伴わなければ何の意味もありません。更なる物価高から国民生活を守るた
集中,7,25,1.52,れにくく安定している、現役世代など特定の層に負担が集中することがないなどの特徴を有しています。
税制,15,54,1.51,く、税の構造そのものの欠陥の表れです。消費税は欠陥税制なのです。納税できないのが当然の税制を放置した
財源,34,130,1.5,財政支出が控えていますが、これらはいずれも具体的な財源が示されておらず、このままでは責任ある積極財政
特定,6,22,1.5,成の変化に左右されにくく安定している、現役世代など特定の層に負担が集中することがないなどの特徴を有し
会議,24,90,1.49,現在、国民会議で食料品消費税の扱いについて議論が行われていま
発生,7,26,1.48,令和六年度における税金の新規滞納発生額は九千九百二十五億円、前年度比二四・一％増と
個人,5,19,1.47,部の政治資金からの支出となります。政党支部から議員個人への寄附として、法令上も問題はないものと認識を
赤字,9,37,1.37,している税金ではなく、売上げに課税されているため、赤字企業にも課税される税金です。売上げに課税されて
物価高,29,125,1.36,も、実態が伴わなければ何の意味もありません。更なる物価高から国民生活を守るためにも、高市内閣には、財
主張,7,30,1.34,市内閣では、消費税は社会保障の財源であると繰り返し主張されてきました。しかし、実際は、消費税は一般会
場合,15,64,1.34,家計に還元されており、仮に恒久的な減税や廃止をした場合、年金、医療、介護、少子化対策という国民の皆様
要因,6,26,1.33,因に国自身が課す公租公課が上がっており、その大きな要因を消費税、社会保険料が占めている以上、これはも
高騰,11,49,1.29,りません。消費税減税、廃止とは、今の物価高、人件費高騰に苦しむ中小企業を支援する究極の中小企業支援策
実際,5,23,1.28,もし給付付き税額控除という名称を用いながら実際には給付のみを行うのであれば、それは単に減税を
複数,5,23,1.28,が実現するまで、消費税を五％に引き下げるべきです。複数税率がインボイス導入を招き、企業の事務負担増や
質疑,5,24,1.24,質疑は、補正予算における予備費計上の在り方、金利上
賃上げ,17,88,1.15,地方を支える中小企業の復活や中小企業で働く皆さんの賃上げは実現できません。しかし、残念ながら、消費税
医療機関,6,32,1.13,中東情勢を踏まえた医療機器の安定供給に関する取組、医療機関の経営状況を踏まえた診療報酬改定の重要性な
提案,12,63,1.13,ん。したがって、消費税の恒久的な減税や廃止という御提案については適当ではないと考えております。
協議,6,32,1.13,た社会保障制度の課題などについて、改めて調整の上、協議を継続することとしています。
診療報酬,4,22,1.12,安定供給に関する取組、医療機関の経営状況を踏まえた診療報酬改定の重要性など多岐にわたりましたが、その
事実,4,22,1.12,による倒産であると言わざるを得ません。政府は、この事実を決算上どう総括するのでしょうか。
負担,46,261,1.12,昇に伴う消費税収の増加と、名目賃金の上昇で所得税の負担が実質的に重くなる、言わばインフレによる自動増
インフレ,4,22,1.12,賃金の上昇で所得税の負担が実質的に重くなる、言わばインフレによる自動増税によるものです。実質賃金が目
立憲民主党,5,27,1.12,立憲民主党が給付付き税額控除の提案をした昨年から給
参政党,8,43,1.11,だから、私たち参政党は、国民負担率に三五％のキャップをはめること
政党,6,33,1.1,おります。どのように議論を進めるかについては、参加政党とよく御相談していくものと考えております。
実施,22,123,1.08,。一部報道では、税率を一％にし、来年四月一日からの実施を目指すとも伝えられています。しかし、仮に最速
記載,4,23,1.08,実現に向けた検討を加速する旨を自民党の政権公約にも記載しておりますが、現在、その社会保障国民会議の実
仕組み,11,62,1.06,として運用されており、その使途は国民が検証できない仕組みになっています。政府はこの矛盾についてどのよ
法制,5,30,1.02,は、二年間に限り消費税の対象としないことも視野に、法制化につき検討を行うとされているように、消費税率
物価,12,70,1.02,ています。私たちが訴える消費税の減税、廃止議論は、物価対策ではありません。消費税を減税しても、物価は
会計,5,30,1.02,し主張されてきました。しかし、実際は、消費税は一般会計に計上され、実務上はほかの税収と合算されて処理
金利,4,25,1.0,免れません。市場ではこの財政リスクが懸念され、長期金利は三十年ぶりの水準となり、ドル円相場も三十九年
まま,7,42,1.0,これらはいずれも具体的な財源が示されておらず、このままでは責任ある積極財政ではなく、無責任な放漫財政
影響,17,102,0.99,九年半ぶりに百六十二円台を記録するなど、既に大きな影響が出ています。言葉で責任を標榜しても、実態が伴
一体,4,26,0.96,額控除や食料品の消費税率ゼロを含めた社会保障と税の一体改革について、国民の皆様にも見える形で丁寧かつ
原則,7,44,0.96,八パー、〇パーの三つの税率が混在する税制は、税の三原則である公平、中立、簡素に反するのではありません
所得税,7,44,0.96,、物価上昇に伴う消費税収の増加と、名目賃金の上昇で所得税の負担が実質的に重くなる、言わばインフレによ
準備,4,26,0.96,単に減税を避けるための言い訳ではないですか。また、準備期間や事務負担などが要因とおっしゃるなら、増税
課題,25,160,0.94,の安定供給の見通し、食料品の消費税率引下げに関する課題、政治活動におけるＳＮＳ利用の在り方など、多岐
議論,34,221,0.94,がら、消費税については一律税率にして減税するという議論は排除され、食料品のみ、二年間限定の減税が議論
一定,5,33,0.93,ＡＩで総点検し、本当に必要なものだけに絞り込めば、一定の財源が生まれるのではないでしょうか。そこで生
維新,5,33,0.93,済に大きな影響を及ぼすため、これまでの立民、公明、維新、自民の与野党協議における各党の御主張に沿って
人口,8,52,0.92,消費税については、税収が景気や人口構成の変化に左右されにくく安定している、現役世
日本維新の会,7,46,0.91,自民党と日本維新の会の連立合意書においては、飲食料品につい
検討,35,235,0.91,赤字企業にも課税する消費税や社会保険料の減額を検討しない限り、日本社会の宝であり、地方を支える中
実質,4,28,0.88,う消費税収の増加と、名目賃金の上昇で所得税の負担が実質的に重くなる、言わばインフレによる自動増税によ
同時,7,48,0.87,は、まずは給付付き税額控除と食料品の消費税率ゼロを同時並行的に議論を進め、その上で、給付付き税額控除
賃金,9,61,0.87,からぬ部分は、物価上昇に伴う消費税収の増加と、名目賃金の上昇で所得税の負担が実質的に重くなる、言わば
社会保険料,10,70,0.84,同じことが社会保険料にも言えます。倒産の直接原因に国自身が課
国民,64,500,0.82,伴わなければ何の意味もありません。更なる物価高から国民生活を守るためにも、高市内閣には、財政に対する
金融,4,30,0.82,、中東情勢を踏まえた物価高騰対策、中小企業に対する金融支援の必要性、我が国の資源調達の方向性、原油及
変化,6,44,0.81,消費税については、税収が景気や人口構成の変化に左右されにくく安定している、現役世代など特定
一般,7,52,0.79,り返し主張されてきました。しかし、実際は、消費税は一般会計に計上され、実務上はほかの税収と合算されて
価格,11,81,0.79,消費税は、必ず価格に上乗せされて消費者が負担している税金ではなく
行政,5,38,0.78,護、少子化対策という国民の皆様の暮らしに深く関わる行政サービスにも影響が出かねません。したがって、消
配慮,7,53,0.77,度の経過措置の縮減など、中小企業・小規模事業者への配慮が不十分であるほか、中堅企業の賃上げ促進税制の
現役世代,8,60,0.77,景気や人口構成の変化に左右されにくく安定している、現役世代など特定の層に負担が集中することがないなど
福祉,5,39,0.76,高騰への対応策、高額療養費制度見直しの是非、障害児福祉に係る所得制限撤廃の必要性、中東情勢を踏まえた
以降,6,46,0.76,。だからこそ、今回の補正だけで終わるのではなく、秋以降の追加補正、そして令和九年度予算において、より
経営,6,47,0.74,踏まえた医療機器の安定供給に関する取組、医療機関の経営状況を踏まえた診療報酬改定の重要性など多岐にわ
理由,6,47,0.74,次に、消費税減税あるいは廃止を行わない理由について伺います。
自民党,15,116,0.73,料品の消費税率ゼロの実現に向けた検討を加速する旨を自民党の政権公約にも記載しておりますが、現在、その
時間,4,33,0.72,だということなのでしょう。しかし、減税は制度改正に時間が掛かります。
そもそも,4,33,0.72,うか。今行われている食料品の消費税率ゼロの議論も、そもそも物価高対策としての有効性について我々は疑問
支出,4,33,0.72,円規模とされる戦略十七分野への投資など、巨額の財政支出が控えていますが、これらはいずれも具体的な財源
在り方,15,118,0.72,質疑は、補正予算における予備費計上の在り方、金利上昇局面での財政健全化の必要性、中東情
一方,8,64,0.71,できないのは、中小企業を苦しめる消費税は上げ続けた一方で、法人税は下げ続けてきたという事実であります
懸念,5,41,0.71,るとのそしりは免れません。市場ではこの財政リスクが懸念され、長期金利は三十年ぶりの水準となり、ドル円
補助金,5,42,0.68,機関の指摘や歴史を見ても明らかなのです。であれば、補助金による一時的な価格抑制だけでなく、消費税減税
実態,4,35,0.66,に大きな影響が出ています。言葉で責任を標榜しても、実態が伴わなければ何の意味もありません。更なる物価
特例,7,59,0.66,消費税のインボイスに係る経過措置であるいわゆる二割特例は三割特例に縮減され、対象も個人事業主のみに絞
方々,8,67,0.66,価格転嫁もままならない中小零細企業やフリーランスの方々にとって、その負担がいかに重いか、真剣に考えて
最大,4,35,0.66,ておりますが、賃上げを阻み、雇用を不安定化してきた最大の要因は、消費税という事業者の粗利にかけられる
ほか,6,51,0.66,など、中小企業・小規模事業者への配慮が不十分であるほか、中堅企業の賃上げ促進税制の縮小など、地域経済
合意書,5,44,0.64,自民党と日本維新の会の連立合意書においては、飲食料品については、二年間に限り
国内,5,44,0.64,原油調達先の多角化に伴う設備投資支援、円安の要因と国内投資拡大の重要性、物価高対策を盛り込んだ暫定予
措置,13,112,0.62,本格導入を見据え、中低所得の勤労者向けの簡素な給付措置を年度内に速やかに実施すべきと考えますが、見解
軽減,11,96,0.61,抑制だけでなく、家計の所得を支える財政措置や税負担軽減が重要であるということは、国際機関の指摘や歴史
制度設計,4,37,0.61,物価高騰の鎮静化の双方に向けて、給付付き税額控除の制度設計を含めた社会保障と税の一体改革や飲食料品の
結論,5,46,0.59,お知恵をいただき、諸課題の克服に向けた検討を進め、結論を得ていきたいと考えております。
所得,12,108,0.58,りません。給付つき税額控除の本格導入を見据え、中低所得の勤労者向けの簡素な給付措置を年度内に速やかに
安定,8,73,0.58,、我が国の資源調達の方向性、原油及び石油関連製品の安定供給の見通し、食料品の消費税率引下げに関する課
制度,26,235,0.58,税額控除や消費税のみならず、将来にわたり持続可能な制度をどう構築し、国民の命を守ろうとしているのでし
方針,13,117,0.58,いて、政府として来年四月一日から税率一％で実施する方針を決めたのでしょうか。国民会議での議論の結果を
対策,27,255,0.54,ます。私たちが訴える消費税の減税、廃止議論は、物価対策ではありません。消費税を減税しても、物価は税率
暮らし,8,76,0.54,合、年金、医療、介護、少子化対策という国民の皆様の暮らしに深く関わる行政サービスにも影響が出かねませ
企業,14,131,0.54,いる税金ではなく、売上げに課税されているため、赤字企業にも課税される税金です。売上げに課税されている
経費,4,40,0.53,。消費税法には、売上げの一〇％からインボイスのある経費の一〇％だけを差し引いて残りを納税せよとしか書
一部,6,58,0.53,で食料品消費税の扱いについて議論が行われています。一部報道では、税率を一％にし、来年四月一日からの実
年収,4,40,0.53,課題、給食の無償化に係る財源確保の在り方、いわゆる年収の壁対策、物価高騰を踏まえた診療報酬改定の在り
加速,7,67,0.53,議において食料品の消費税率ゼロの実現に向けた検討を加速する旨を自民党の政権公約にも記載しておりますが
資金,6,60,0.5,も納税額が発生します。利益が出ていない事業者に納税資金があるはずがありません。滞納の増加は事業者のモ
認識,11,108,0.49,廃止によって国民を救うべきではありませんか。総理の認識を伺います。
外国人,9,90,0.48,しかし、在留外国人もまた、所得税、住民税、消費税、年金、健康保
増加,7,71,0.48,その少なからぬ部分は、物価上昇に伴う消費税収の増加と、名目賃金の上昇で所得税の負担が実質的に重く
説明,7,72,0.46,軟に使うと言いながら、他方では社会保障のための税と説明することは論理的に成立しません。すなわち、消費
指摘,10,103,0.45,も早くても来年四月というのでは遅過ぎるということも指摘せざるを得ません。
効果,7,73,0.45,に今、物価高で困っている国民や事業者の皆様に施策の効果を届けることではないでしょうか。今行われている
こと,101,1154,0.44,に対する市場の懸念を払拭すべく、実効的な策を講じることを強く求めるものであります。
与党,11,114,0.44,お尋ねの点について、政府・与党としては、飲食料品に係る消費税について、仕入れ
全て,6,64,0.43,た。どうか一度、国民のために廃止していただきたい。全てが変わると思います。参政党は、引き続き消費税の
積極,10,106,0.42,具体的な財源が示されておらず、このままでは責任ある積極財政ではなく、無責任な放漫財政であるとのそしり
抑制,4,45,0.41,ー価格高騰に起因するインフレ局面では、一時的な価格抑制だけでなく、家計の所得を支える財政措置や税負担
施策,7,76,0.41,、まさに今、物価高で困っている国民や事業者の皆様に施策の効果を届けることではないでしょうか。今行われ
もの,34,368,0.4,念を払拭すべく、実効的な策を講じることを強く求めるものであります。
現在,10,113,0.35,現在、国民会議で食料品消費税の扱いについて議論が行
将来,5,59,0.34,を目指すのか。給付付き税額控除や消費税のみならず、将来にわたり持続可能な制度をどう構築し、国民の命を
少子化,4,49,0.33,に恒久的な減税や廃止をした場合、年金、医療、介護、少子化対策という国民の皆様の暮らしに深く関わる行政
関連,5,61,0.31,援の必要性、我が国の資源調達の方向性、原油及び石油関連製品の安定供給の見通し、食料品の消費税率引下げ
必要,37,433,0.31,業・小規模事業者は対象に残し、引き続き支える措置が必要であります。
早期,4,51,0.29,小企業への追加的な資金繰り支援の必要性、中東情勢の早期鎮静化に向けた我が国の役割、日米首脳会談を踏ま
構造,4,51,0.29,ん。滞納の増加は事業者のモラルの問題ではなく、税の構造そのものの欠陥の表れです。消費税は欠陥税制なの
ところ,7,86,0.28,議の実務者会議において具体的な議論が進められているところであり、現段階で方向性が何ら決まっているもの
以上,10,121,0.28,り、その大きな要因を消費税、社会保険料が占めている以上、これはもはや経営者の失敗による、経営者の失敗
サービス,5,63,0.28,少子化対策という国民の皆様の暮らしに深く関わる行政サービスにも影響が出かねません。したがって、消費税
上昇,4,52,0.27,その少なからぬ部分は、物価上昇に伴う消費税収の増加と、名目賃金の上昇で所得税
見解,9,111,0.26,給付措置を年度内に速やかに実施すべきと考えますが、見解を伺います。
理解,6,77,0.25,減につながるかのような説明がなされることは、国民の理解をミスリードしていると言わざるを得ません。
引上げ,5,66,0.23,の補填は社会保障費で賄われ、最終的には社会保険料の引上げへとつながっています。
産業,6,80,0.21,されています。食料品消費税ゼロによる外食離れが外食産業に与える影響と、その対策についてどう考えている
内閣,8,107,0.19,せん。更なる物価高から国民生活を守るためにも、高市内閣には、財政に対する市場の懸念を払拭すべく、実効
答弁,5,69,0.19,応能負担の原則は損なわれていないと考えておりますと答弁されていますが、担税力があるから多額の消費をす
総理,44,578,0.18,防衛費以外にも、今後、高市総理が悲願とまで言われた食料品消費税ゼロ、官民で総
活用,7,97,0.16,このため、消費税は、社会保障の財源として活用され、社会保障給付という形で家計に還元されてお
多く,4,58,0.16,いるのに実際は社会保険料引上げ税。消費税が内包する多くの矛盾に、国民はもうこれ以上耐えられません。財
具体的,10,136,0.16,、巨額の財政支出が控えていますが、これらはいずれも具体的な財源が示されておらず、このままでは責任ある
介護,6,84,0.16,り、仮に恒久的な減税や廃止をした場合、年金、医療、介護、少子化対策という国民の皆様の暮らしに深く関わ
拡大,8,112,0.14,先の多角化に伴う設備投資支援、円安の要因と国内投資拡大の重要性、物価高対策を盛り込んだ暫定予算や補正
地方,9,133,0.08,保険料の減額を検討しない限り、日本社会の宝であり、地方を支える中小企業の復活や中小企業で働く皆さんの
状況,9,133,0.08,し、人々の生活が苦しくなる中で、国だけが一人勝ちの状況でした。税収増の果実は、納税者である国民に還元
医療,7,109,0.04,れており、仮に恒久的な減税や廃止をした場合、年金、医療、介護、少子化対策という国民の皆様の暮らしに深
選挙,4,65,0.04,次に、高市総理の選挙公約の目玉である二年間限定の食料品消費税ゼロに
実現,20,304,0.02,える中小企業の復活や中小企業で働く皆さんの賃上げは実現できません。しかし、残念ながら、消費税について
財政,20,309,0.0,十兆円規模とされる戦略十七分野への投資など、巨額の財政支出が控えていますが、これらはいずれも具体的な
不安,4,68,-0.0,、結論を得てまいります。あらゆる世代、誰もが将来に不安を抱くことなく、地域で支え合いながら暮らしてい
提出,6,100,-0.02,前には中間とりまとめを行い、税制改正関連法案の早期提出を目指します。
安心,4,69,-0.02,社会保障は、夢や希望の実現を諦めることなく、安心して働き、暮らしていくための基盤であります。人
改革,11,177,-0.02,除や食料品の消費税率ゼロを含めた社会保障と税の一体改革について、国民の皆様にも見える形で丁寧かつスピ
合意,5,90,-0.08,日本維新の会と自民党の連立政権合意では、医療機関における消費税負担の在り方も検討
ため,38,629,-0.09,の意味もありません。更なる物価高から国民生活を守るためにも、高市内閣には、財政に対する市場の懸念を払
生活,10,173,-0.09,なければ何の意味もありません。更なる物価高から国民生活を守るためにも、高市内閣には、財政に対する市場
促進,4,74,-0.09,事業者への配慮が不十分であるほか、中堅企業の賃上げ促進税制の縮小など、地域経済への影響も懸念されます
責任,9,158,-0.1,いずれも具体的な財源が示されておらず、このままでは責任ある積極財政ではなく、無責任な放漫財政であると
確保,15,262,-0.12,財源論から逃げることはできません。どのように財源を確保し、どのような社会保障国家を目指すのか。給付付
結果,5,95,-0.14,施する方針を決めたのでしょうか。国民会議での議論の結果を尊重して決めるべきではないでしょうか。仮に四
今回,7,131,-0.15,わけですから、消費税は投資妨害税であるということも今回から付け加えておきたいと思います。
関係,6,120,-0.21,税率ゼロに関する政府の見解、財政支出と潜在成長率の関係に対する評価、中小企業への追加的な資金繰り支援
成長,9,177,-0.22,そして、日本の成長を妨げてきた最たるものが消費税であります。総理
国民民主党,4,86,-0.24,国民民主党としては、国民会議の参加を否定するもので
見直し,7,144,-0.25,情勢を受けた原油価格高騰への対応策、高額療養費制度見直しの是非、障害児福祉に係る所得制限撤廃の必要性
観点,6,126,-0.26,すが、参政党は三五％まで下げる提案をしており、その観点からも消費税の段階的廃止が必要です。
国会,7,147,-0.27,るというのであれば、国民会議と言えるのでしょうか。国会という開かれた議論の場があるのに、なぜ国民会議
対応,11,230,-0.29,経済・財政・金融政策、予算編成の在り方、物価高への対応、賃上げに向けた取組、社会保障制度、危機管理投
高市,14,303,-0.34,防衛費以外にも、今後、高市総理が悲願とまで言われた食料品消費税ゼロ、官民
政府,22,471,-0.36,営者の失敗による、経営者の失敗による滞納ではなく、政府の失政による倒産であると言わざるを得ません。政
議員,4,102,-0.42,区支部の政治資金からの支出となります。政党支部から議員個人への寄附として、法令上も問題はないものと認
社会,7,177,-0.46,赤字企業にも課税する消費税や社会保険料の減額を検討しない限り、日本社会の宝であ
経済,17,403,-0.46,質疑は、政府及び日本銀行の我が国経済に対する現状認識、我が国経済の供給力低下の原因
支援,10,261,-0.52,廃止とは、今の物価高、人件費高騰に苦しむ中小企業を支援する究極の中小企業支援策なのです。
地域,5,159,-0.67,分であるほか、中堅企業の賃上げ促進税制の縮小など、地域経済への影響も懸念されます。
今後,5,163,-0.69,防衛費以外にも、今後、高市総理が悲願とまで言われた食料品消費税ゼロ
補正,5,164,-0.7,質疑は、補正予算における予備費計上の在り方、金利上昇局面で
予算,10,312,-0.72,質疑は、補正予算における予備費計上の在り方、金利上昇局面での財
投資,5,172,-0.75,官民で総額三百七十兆円規模とされる戦略十七分野への投資など、巨額の財政支出が控えていますが、これらは
日本,11,352,-0.75,課税する消費税や社会保険料の減額を検討しない限り、日本社会の宝であり、地方を支える中小企業の復活や中
考え,5,172,-0.75,公平、中立、簡素に反するのではありませんか。総理の考えを伺います。
環境,4,144,-0.77,象も個人事業主のみに絞られてしまいます。厳しい経営環境の中で、下で苦しんでいる中小企業・小規模事業者
問題,4,159,-0.87,あるはずがありません。滞納の増加は事業者のモラルの問題ではなく、税の構造そのものの欠陥の表れです。消
政策,9,326,-0.87,税及び給付つき税額控除の導入を含む経済・財政・金融政策、予算編成の在り方、物価高への対応、賃上げに向
我が国,6,239,-0.93,た物価高騰対策、中小企業に対する金融支援の必要性、我が国の資源調達の方向性、原油及び石油関連製品の安
令和,6,245,-0.95,令和六年度における税金の新規滞納発生額は九千九百二
年度,5,253,-1.16,令和六年度における税金の新規滞納発生額は九千九百二十五億
強化,4,245,-1.33,です。納税できないのが当然の税制を放置したまま徴収強化だけを進めるのは、本末転倒です。
