term,段落,発言,議員段落,議員の発言者,政府段落,議員の最多,最多の割合,議員の政党
食料品,84,38,42,17,41,玉木雄一郎,0.24,立憲民主党15 国民民主党15 日本維新の会3 参政党2 チームみらい2 自由民主党2 公明党2 日本共産党1
外食,6,4,5,3,1,玉木雄一郎,0.4,国民民主党2 参政党2 チームみらい1
つなぎ,11,7,4,2,7,玉木雄一郎,0.5,国民民主党2 日本維新の会2
本丸,6,6,1,1,5,玉木雄一郎,1.0,国民民主党1
税額控除,51,37,24,18,26,玉木雄一郎,0.12,国民民主党6 参政党4 立憲民主党3 自由民主党3 日本維新の会3 チームみらい2 公明党2 れいわ新選組1
国民会議,24,17,10,8,14,田中健,0.2,国民民主党5 参政党1 チームみらい1 立憲民主党1 中道改革連合1 日本維新の会1
インボイス,24,20,16,12,8,大森江里子,0.12,参政党4 日本共産党4 国民民主党3 中道改革連合2 立憲民主党1 公明党1 れいわ新選組1
滞納,10,5,8,3,2,安藤裕,0.75,参政党7 国民民主党1
倒産,4,4,4,3,0,安藤裕,0.5,参政党2 れいわ新選組2
担税力,5,4,3,2,2,石垣のりこ,0.67,立憲民主党2 日本共産党1
応能,5,4,3,2,2,石垣のりこ,0.67,立憲民主党2 参政党1
社会保障,35,25,13,7,22,塩入清香,0.46,参政党7 自由民主党2 国民民主党2 立憲民主党1 れいわ新選組1
一般会計,5,4,3,3,2,塩入清香,0.33,参政党2 れいわ新選組1
物価高,33,28,25,20,8,中司宏,0.12,国民民主党5 日本共産党5 立憲民主党3 参政党3 日本維新の会3 自由民主党2 れいわ新選組2 チームみらい1 公明党1
自動増税,1,1,1,1,0,奥村祥大,1.0,国民民主党1
