論点,語,該当,グループ内でこの語だけ,全体でこの語だけ,他グループにも入る
A 食料品ゼロの範囲,食料品,81,61,19,57
A 食料品ゼロの範囲,飲食料,13,0,0,11
A 食料品ゼロの範囲,外食,6,1,1,1
A 食料品ゼロの範囲,軽減,10,5,0,8
A 食料品ゼロの範囲,非課税,5,3,1,4
B 実施の時期と実務,改修,4,3,1,3
B 実施の時期と実務,事務,5,4,0,5
B 実施の時期と実務,準備,3,2,1,2
B 実施の時期と実務,来年,6,6,0,6
B 実施の時期と実務,時間,4,3,1,3
C 給付つき税額控除との関係,つなぎ,11,1,0,9
C 給付つき税額控除との関係,本丸,6,0,0,5
C 給付つき税額控除との関係,税額控除,49,32,1,46
C 給付つき税額控除との関係,並行,6,0,0,6
C 給付つき税額控除との関係,同時,7,0,0,7
D 決め方(国民会議),国民会議,23,17,2,21
D 決め方(国民会議),野党,11,5,1,10
D 決め方(国民会議),中間,3,1,0,3
E 事業者の負担,インボイス,24,15,4,16
E 事業者の負担,免税,7,5,1,5
E 事業者の負担,経過措置,5,0,0,1
E 事業者の負担,特例,5,2,0,2
E 事業者の負担,滞納,10,6,3,5
E 事業者の負担,倒産,4,1,1,2
E 事業者の負担,転嫁,5,2,1,4
E 事業者の負担,赤字,9,6,2,6
E 事業者の負担,小規模,6,0,0,3
G 負担の公平,担税力,5,0,0,1
G 負担の公平,応能,5,1,0,1
G 負担の公平,逆進,3,3,0,3
G 負担の公平,法人税,8,6,1,6
G 負担の公平,富裕層,4,2,0,3
H 財源と社会保障,社会保障,34,12,1,20
H 財源と社会保障,一般会計,5,0,0,1
H 財源と社会保障,年金,5,1,1,0
H 財源と社会保障,還元,12,1,0,5
H 財源と社会保障,財源,32,13,1,22
H 財源と社会保障,国債,3,0,0,2
H 財源と社会保障,試算,2,1,1,1
I 物価高と景気,物価高,33,31,3,30
I 物価高と景気,補助金,5,4,2,3
I 物価高と景気,景気,10,9,1,9
I 物価高と景気,インフレ,4,0,0,4
I 物価高と景気,自動増税,1,0,0,1
J 地方財政への影響,地方消費税,3,0,0,2
J 地方財政への影響,自治体,2,0,0,1
J 地方財政への影響,減収,3,0,0,1
J 地方財政への影響,地方税,1,0,0,0
K 経済停滞・賃上げの原因か,失われた,6,0,0,3
K 経済停滞・賃上げの原因か,三十年,11,4,0,7
K 経済停滞・賃上げの原因か,賃上げ,16,11,0,15
K 経済停滞・賃上げの原因か,妨害,4,0,0,3
K 経済停滞・賃上げの原因か,デフレ,2,0,0,0
K 経済停滞・賃上げの原因か,リーマン,1,0,0,0
L 医療機関の消費税負担,医療機関,5,3,0,4
L 医療機関の消費税負担,還付,4,2,0,3
L 医療機関の消費税負担,医療に係る,1,1,1,0
M 連立合意・公約と実行,連立,12,1,0,8
M 連立合意・公約と実行,合意,10,0,0,7
M 連立合意・公約と実行,公約,6,6,0,6
M 連立合意・公約と実行,先送り,3,2,1,1
M 連立合意・公約と実行,手のひら返し,2,1,1,0
N 減税か給付金か,給付金,5,4,2,2
N 減税か給付金か,現金給付,3,2,0,2
