speechID,para_id,ai_stance,ai_topics,ai_confidence,ai_note
121905254X00320251104_007,37,減税・廃止,その他,中,連立合意の食料品非課税検討をやる気なしと批判
121905254X00320251104_007,38,該当なし,その他,高,総理の過去発言の引用のみで話者の税率主張はない
121905254X00320251104_007,39,減税・廃止,その他,高,食料品ゼロ法案の今国会成立と共同実現を求めている
121905254X00320251104_007,50,該当なし,逆進性・格差,高,逆進性対策として給付つき税額控除の導入を主張
121905254X00420251105_003,3,減税・廃止,物価高・家計,中,物価高対策で食料品ゼロが最優先だと世論を示している
121905254X00420251105_003,4,減税・廃止,物価高・家計,高,食卓の危機を乗り越えるためゼロ法案を提出したと述べる
121905254X00420251105_003,5,減税・廃止,物価高・家計,中,給食食材の消費税負担を問題視し質向上へ使うべきと述べる
121905254X00420251105_003,6,減税・廃止,物価高・家計,高,暮らしに届ける食料品ゼロ法案の審議実施を求めている
121905254X00420251105_003,7,該当なし,その他,高,連立合意の検討が具体的に何かを問うのみ
121905254X00420251105_006,64,引き上げ,その他,高,外国人への消費税免税見直しを対策財源として提案
121905254X00420251105_011,67,減税・廃止,逆進性・格差,中,福祉の観点から軽減税率の深掘りと税額控除の両立を主張
121905254X00420251105_014,2,減税・廃止,その他,高,結党以来消費税廃止を一貫して訴えてきたと述べる
121905254X00420251105_014,3,減税・廃止,物価高・家計;中小企業・インボイス;景気・成長,高,廃止か一律5%減税とインボイス廃止を最優先と主張
121905254X00420251105_014,4,減税・廃止,景気・成長,高,成長停滞の主因として廃止にこだわる理由を述べる
121905254X00420251105_014,5,該当なし,社会保障財源,高,社会保障財源説を否定するが税率の方向は述べていない
121905254X00420251105_014,6,該当なし,物価高・家計,中,物価高下で減税協議をしない与野党を批判するのみ
121905254X00420251105_017,6,減税・廃止,その他,中,選挙のもう一つの審判を消費税減税だと位置づけている
121905254X00420251105_017,7,減税・廃止,物価高・家計,高,給付見送り後は減税こそ民意に応える道だと主張
121905254X00420251105_017,8,減税・廃止,逆進性・格差,高,庶民負担是正のため減税による再分配が必要ではないかと問う
121905254X00720251208_024,28,該当なし,その他,高,消費税への質問導入のみで主張がない
121905254X00720251208_024,29,減税・廃止,物価高・家計;中小企業・インボイス,高,物価対策として5%引下げと単一税率・インボイス廃止を主張
121905254X00720251208_031,24,減税・廃止,その他,高,具体策として消費税の廃止を挙げている
121905254X00720251208_031,25,減税・廃止,財政規律,中,消費税減税をやめることを責任ある積極財政に反すると批判
121905254X00720251208_034,3,減税・廃止,物価高・家計;中小企業・インボイス,高,物価高に最も効くとして減税実行とインボイス撤廃を主張
121905254X00820251211_012,12,減税・廃止,その他,中,補正に限定的な消費税減税の検討すらないことを問題視
121905254X00820251211_014,17,該当なし,物価高・家計,中,インフレ増収を家計に戻すべきと述べ税率の方向は示さない
121905254X00820251211_016,4,減税・廃止,物価高・家計;中小企業・インボイス,高,物価高騰対策として5%減税とインボイス廃止を行うべきと主張
121915254X00320251105_005,22,該当なし,物価高・家計,中,食料品減税を含む諸策が提案されたと列挙するのみ
121915254X00420251106_005,11,該当なし,その他,中,所信が選挙で語られた減税に触れなかったと指摘するのみ
121915254X00420251106_005,12,該当なし,物価高・家計,中,早急な支援が必要だとし所信の減税無言及を先送りと批判
121915254X00420251106_005,14,該当なし,物価高・家計,中,維新の食料品ゼロ案の規模には触れ減税自体は時間掛かると述べる
121915254X00420251106_009,8,該当なし,逆進性・格差,高,低所得の消費税負担を給付付き税額控除でカバーできると主張
121915254X00420251106_009,44,該当なし,その他,高,医療機関を輸出企業同様の還付対象にしてはどうかと提案
121915254X00420251106_012,18,該当なし,中小企業・インボイス;景気・成長,中,消費税が中小企業を苦しめる第二法人税だと述べるが方向は明示しない
121915254X00420251106_012,19,減税・廃止,中小企業・インボイス;景気・成長,高,国内経済再生に消費税とインボイスの廃止が最も効果的だと主張
121915254X00420251106_012,20,減税・廃止,逆進性・格差,中,減税回避は逆進性補完でなく更なる引上げ前提ではないかと問う
121915254X00420251106_012,22,減税・廃止,その他,中,廃止や減税を検討しない理由を問う前提に検討すべきとの主張がある
121915254X00420251106_023,8,該当なし,物価高・家計;景気・成長,中,度重なる増税が生活と景気停滞を決定づけたと認識を問うのみ
121915254X00420251106_023,9,減税・廃止,物価高・家計;景気・成長,高,個人消費喚起の即効策は減税・廃止だと述べ所信の無言及を批判
121915254X00420251106_023,11,該当なし,中小企業・インボイス,高,小規模事業者を守るためインボイス制度の廃止を求めている
121915254X00420251106_026,21,該当なし,景気・成長,中,増税を長期不況の主因とし推進歴を批判するが方向は述べない
121915254X00420251106_026,24,減税・廃止,景気・成長,高,減税と一律給付の方が早く確実に成長すると実施を迫っている
121915254X00420251106_026,25,該当なし,その他,中,野党の減税をやるやる詐欺だと述べるのみで自らの方向は示さない
121915254X00420251106_026,27,該当なし,その他,高,維新が減税を連立条件から先送りしたと批判するのみ
121915254X00420251106_026,28,該当なし,財政規律,中,参政党の廃止財源論を医療費半減だと批判するのみ
121915254X00420251106_026,29,減税・廃止,その他,高,公明党に心を入れ替え廃止・減税を一緒にやるよう求めている
121915254X00420251106_026,30,減税・廃止,その他,高,廃止・減税を確実にやるにはれいわ一択だと訴えている
121915254X00420251106_026,31,減税・廃止,財政規律;景気・成長,高,国債発行で今すぐ減税し成長こそ財源だと主張
121915254X00620251201_020,19,該当なし,社会保障財源,中,医療財源を社会保険料や消費税以外にも求める提案で税率方向はない
121915254X00720251203_009,24,条件付き・不明確,物価高・家計;逆進性・格差,低,食料品ゼロの国民的議論に配慮が必要だと述べ方向は定まらない
121915254X00720251203_014,8,該当なし,その他,高,消費税滞納の急増を挙げ国税職員確保の必要性を述べるのみ
121915254X00720251203_034,17,該当なし,その他,高,消費税への質問導入のみで主張がない
121915254X00720251203_034,18,該当なし,中小企業・インボイス,高,不況下では全事業者が転嫁できるわけではないと説明するのみ
121915254X00720251203_034,20,該当なし,中小企業・インボイス,高,転嫁できなくても売上げの10%納税が課されると説明するのみ
121915254X00720251203_034,21,該当なし,中小企業・インボイス,高,赤字事業者にも課される直接税だと述べるが税率方向はない
121915254X00720251203_034,22,該当なし,中小企業・インボイス,高,消費税滞納が最も多く年々増加していると説明するのみ
121915254X00720251203_034,23,該当なし,中小企業・インボイス,高,滞納は預かり金の使い込みではなく納税負担に耐えられない表れだと述べる
121915254X00720251203_034,24,該当なし,中小企業・インボイス;景気・成長,中,インボイスが滞納を増やし消費税が倒産の要因だと指摘するのみ
121915254X00720251203_034,26,該当なし,中小企業・インボイス;景気・成長,中,賃上げ妨害税で欠陥税制だと述べるが廃止まではこの段落では言わない
121915254X00720251203_034,27,減税・廃止,中小企業・インボイス,高,現状から見て消費税は廃止するしかないと考えている
121915254X00720251203_034,28,該当なし,その他,高,滞納対策として納付回数の検討答弁があったと紹介するのみ
121915254X00720251203_038,2,該当なし,逆進性・格差,高,税収の大半が消費税で格差が広がっているのではないかと問うのみ
121915254X00720251203_038,3,減税・廃止,物価高・家計;逆進性・格差;中小企業・インボイス,高,格差是正と物価対策として緊急減税とインボイス撤廃を主張
121915254X00720251203_041,12,減税・廃止,物価高・家計;逆進性・格差,高,困窮者の苦しみを理由に消費税の廃止を総理に求めている
121915254X00920251208_004,29,該当なし,財政規律,中,野党減税案に財源を求める一方で防衛費の財源先延ばしを批判
121915254X00920251208_004,36,該当なし,その他,高,消費税減税についての質問導入のみで主張がない
121915254X00920251208_004,38,減税・廃止,その他,高,立憲として食料品の消費税ゼロ実現へ法案を提出している
121915254X00920251208_004,39,該当なし,逆進性・格差,中,多額消費イコール担税力という総理答弁に疑問を呈するのみ
121915254X00920251208_004,40,該当なし,逆進性・格差,高,生活費に占める負担割合を見ないと応能負担は断言できないと述べる
121915254X00920251208_004,41,減税・廃止,逆進性・格差,高,逆進性解消のため減税少なくとも食料品減税が有効だと主張
121915254X00920251208_013,17,該当なし,物価高・家計,中,物価高の消費税増収は家計に戻すべきと述べ税率の方向は示さない
121915254X00920251208_028,6,該当なし,中小企業・インボイス,中,中小に消費税を課しつつ補助金で補填する仕組みを改めるべきだと述べる
121915254X00920251208_028,8,減税・廃止,財政規律;景気・成長,中,事業見直しで生む財源を消費税などの減税に振り向ける効果の試算を求める
121915254X01020251216_002,3,該当なし,その他,高,委員長報告で消費税の課税実態が質疑項目だったと述べるのみ
121915254X01020251216_008,7,減税・廃止,逆進性・格差;景気・成長,高,全国民に恩恵が及ぶようインボイスと消費税の廃止を要望している
122105254X00320260224_003,65,該当なし,その他,高,減税等を国民会議で扱う意図の説明を求めるのみ
122105254X00320260224_011,14,該当なし,物価高・家計;逆進性・格差,高,総理が食料品ゼロを税額控除までのつなぎと位置づけたと紹介するのみ
122105254X00320260224_011,15,減税・廃止,物価高・家計;逆進性・格差,高,食料品ゼロで即効対策し給付つき税額控除で恒久化が不可欠だと主張
122105254X00320260224_011,16,減税・廃止,物価高・家計,高,食料品ゼロが物価高対策として重要で実現加速を明言するよう求めている
122105254X00320260224_011,32,該当なし,その他,高,過去の増税時に定数削減が先送りされた経緯を述べるのみ
122105254X00420260225_003,28,該当なし,その他,高,二年限定の食料品ゼロについての質問導入のみ
122105254X00420260225_003,31,該当なし,その他,高,食料品ゼロの実施時期と来年度中実施の意向を確認するのみ
122105254X00420260225_003,33,該当なし,中小企業・インボイス,高,対象としないの税法上の位置づけと還付可否を問うのみ
122105254X00420260225_003,35,該当なし,その他,高,酒や外食も含めてゼロにするのか範囲を問うのみ
122105254X00420260225_003,37,該当なし,中小企業・インボイス,中,地元の農家や飲食店から食料品ゼロへの強い反発があったと伝える
122105254X00420260225_003,40,該当なし,中小企業・インボイス,高,外食とテイクアウトの価格差拡大による外食離れの対策を問う
122105254X00420260225_003,44,該当なし,中小企業・インボイス,中,三税率の混在は公平中立簡素に反するのではないかと問う
122105254X00420260225_003,46,条件付き・不明確,景気・成長,低,二年後に戻すのか延長か本則引上げかも同時に問うて方向が定まらない
122105254X00420260225_003,48,該当なし,財政規律,高,減税による地方消費税の減収補填の有無を問うのみ
122105254X00420260225_003,50,該当なし,財政規律,中,二年間減税の財源だけなら何とかなると述べるが減税自体は主張しない
122105254X00420260225_003,51,該当なし,財政規律,高,赤字国債を増やさずに減税できるのか歳出歳入の全体像を問う
122105254X00420260225_003,54,引き上げ,その他,高,外国人の消費税免税制度廃止による増収を財源として提案
122105254X00420260225_003,55,該当なし,その他,高,国民会議不一致時に食料品ゼロを実施するのか総理の本音を問う
122105254X00420260225_003,56,減税・廃止,その他,中,懸念への回答を含む具体的な消費税減税案の提示を与党に求めている
122105254X00420260225_003,57,減税・廃止,中小企業・インボイス,中,減税するなら食料品限定でなく単一税率の引下げがよいと主張
122105254X00420260225_003,59,該当なし,逆進性・格差,中,本丸が税額控除ならそちらを優先議論すべきだと述べ減税方向は示さない
122105254X00420260225_003,60,該当なし,逆進性・格差,高,つなぎ減税は消費税ではなく所得税か住民税で行うべきだと述べる
122105254X00420260225_003,69,該当なし,社会保障財源,中,五兆円があるなら食料品ゼロより現役の社会保険料引下げに充てるべきだと述べる
122105254X00420260225_008,53,減税・廃止,景気・成長,高,消費の足かせとして一律減税し段階的廃止すべきだと主張
122105254X00420260225_008,54,減税・廃止,中小企業・インボイス;景気・成長,高,食料品限定は不公平で一律減税なら飲食店も含め恩恵を受けると主張
122105254X00420260225_008,55,減税・廃止,財政規律,高,国民負担率引下げの観点からも段階的廃止が必要だと主張
122105254X00420260225_008,56,該当なし,中小企業・インボイス,中,減税・廃止と外食税率についての総理の考えを問うのみ
122105254X00420260225_008,57,該当なし,その他,中,国民会議が減税できませんでしたというアリバイになる危惧を述べる
122105254X00420260225_011,10,該当なし,その他,高,消費税についての質問導入のみ
122105254X00420260225_011,11,該当なし,物価高・家計;財政規律,中,減税は円安や金利上昇を通じ物価高を助長し得るとリスクを指摘
122105254X00420260225_011,12,該当なし,中小企業・インボイス,高,食料品限定の二年減税は外食打撃や買いだめ混乱のリスクだと指摘
122105254X00420260225_011,13,現行維持,その他,中,今消費税減税を行うことには慎重であるべきだと考えている
122105254X00420260225_011,20,該当なし,その他,高,税額控除や減税を議論する国民会議について問う導入のみ
122105254X00520260305_008,18,該当なし,中小企業・インボイス,高,インボイス経過措置の見直しについて問う導入のみ
122105254X00520260305_024,25,該当なし,財政規律,高,食品減税の地方税財政への影響額と支障回避を問う
122105254X00620260313_026,10,該当なし,その他,高,委員長報告で減税等が質疑項目だったと述べるのみ
122105254X00620260313_081,14,該当なし,中小企業・インボイス,高,インボイス特例の対象から小規模法人を外すべきでないと主張
122105254X00620260313_085,6,該当なし,中小企業・インボイス;景気・成長,中,賃上げを阻む最大要因は消費税という第二法人税だと述べる
122105254X00620260313_085,7,該当なし,社会保障財源,高,消費税は社会保障の特定財源ではなく減税と削減を結びつける説明を批判
122105254X00620260313_085,8,該当なし,財政規律,中,増税と法人税減税の構造を白紙に戻し法人税の議論こそ筋だと述べる
122105254X01120260409_020,7,該当なし,社会保障財源,高,国民会議で食料品消費税以外に医療介護の給付と負担を議論するか問う
122105254X02220260603_020,23,該当なし,その他,高,食料品消費税と給付つき税額控除の議論についての導入のみ
122105254X02220260603_020,24,該当なし,物価高・家計,中,来年四月実施では今年度の物価高支援にならないと指摘するのみ
122105254X02220260603_020,26,該当なし,物価高・家計;逆進性・格差,中,一％実施の方針確認と年度内の簡素な給付を求めるが税率方向は示さない
122105254X02320260604_014,17,該当なし,物価高・家計,中,食料品ゼロの物価高対策としての有効性に疑問を呈し遅過ぎると指摘
122115254X00320260225_002,21,該当なし,その他,高,積極財政と食料品減税についての質問導入のみ
122115254X00320260225_002,22,該当なし,その他,高,国民会議に食料品消費税の議題が追加された経緯を述べるのみ
122115254X00320260225_002,23,該当なし,財政規律,高,食料品減税について財源確保の基本方針の説明を求めている
122115254X00320260225_002,24,該当なし,その他,中,与党として食料品減税を取りまとめ国会提案するつもりか問う
122115254X00320260225_005,32,該当なし,物価高・家計;逆進性・格差,中,税額控除と飲食料品の二年ゼロをどう具体的に進めるか問うのみ
122115254X00720260331_035,19,該当なし,中小企業・インボイス,高,インボイス特例の対象に中小企業を残し支える措置が必要だと主張
122115254X00720260331_037,12,該当なし,中小企業・インボイス,高,インボイス経過措置の縮減など中小への配慮が不十分だと述べる
122115254X00720260331_039,18,該当なし,社会保障財源,高,消費税と社会保障の関係に触れる導入のみ
122115254X00720260331_039,19,該当なし,社会保障財源,高,一般会計合算では社会保障財源と厳密に証明できないと指摘
122115254X00720260331_039,21,該当なし,社会保障財源,高,目的税として徴収し一般財源として運用する矛盾の説明を求める
122115254X00720260331_039,23,該当なし,中小企業・インボイス;景気・成長;社会保障財源,中,賃上げ妨害税の維持が経営圧迫と保険料引上げにつながると指摘
122115254X00720260331_039,24,該当なし,社会保障財源;景気・成長,中,その構造を放置したまま社会保障のためと説明する誠実さを問う
122115254X00720260331_039,25,減税・廃止,中小企業・インボイス,高,食品のみゼロに反対し一律の消費減税を主張した理由を述べる
122115254X00720260331_039,27,減税・廃止,社会保障財源,高,矛盾に耐えられないとして国民のために廃止するよう求めている
122115254X00820260407_005,4,該当なし,その他,高,委員長報告で食料品ゼロに関する見解が質疑項目だったと述べる
122115254X00820260407_015,12,該当なし,中小企業・インボイス;景気・成長,中,成長を妨げ中小の負担が重いと述べるが税率の方向は示さない
122115254X00820260407_015,13,該当なし,中小企業・インボイス,高,中小を苦しめる消費税は上げ法人税は下げてきたと批判するのみ
122115254X00820260407_015,14,該当なし,景気・成長,中,消費税は賃上げ妨害税だと述べるが税率の方向は示さない
122115254X00820260407_015,16,該当なし,景気・成長,中,増税が進み企業が賃上げしづらくなったと述べるが方向は示さない
122115254X01320260515_005,22,該当なし,その他,高,在留外国人も消費税等を支払っていると述べ税率の方向はない
122115254X01820260603_026,17,該当なし,その他,中,減税あるいは廃止を行わない理由を問う導入のみ
122115254X01820260603_026,19,減税・廃止,物価高・家計,高,補助金だけでなく減税あるいは廃止によって国民を救うべきだと主張
122115254X01820260603_026,21,該当なし,中小企業・インボイス;景気・成長,中,赤字課税で賃上げと投資の原資を奪う妨害税だと述べるが方向は示さない
122115254X01820260603_026,24,減税・廃止,逆進性・格差,中,税額控除が減税回避の言い訳になり減税しない意思と受け取られると指摘
122115254X01820260603_026,28,該当なし,物価高・家計,中,一〇％引上げ後の物価高を挙げ大胆な財政出動を求めるが税率方向はない
122115254X01920260605_002,3,該当なし,その他,高,委員長報告で食料品の税率引下げが質疑項目だったと述べるのみ
122115254X02020260610_006,50,該当なし,社会保障財源,高,税額控除や消費税を含め持続可能な社会保障の財源確保を問う
122115254X02620260708_021,10,該当なし,財政規律;物価高・家計,中,食料品ゼロなど巨額支出の財源未提示を放漫財政だと批判する
122115254X02620260708_025,13,該当なし,物価高・家計,中,物価高の消費税収増はインフレ自動増税で国民に還元すべきだったと述べる
122115254X02620260708_027,9,該当なし,中小企業・インボイス,高,新規滞納の過半を消費税が占めると述べるのみ
122115254X02620260708_027,10,該当なし,中小企業・インボイス,高,赤字企業にも課される欠陥税制だと述べるが廃止までは言わない
122115254X02620260708_027,11,該当なし,中小企業・インボイス,高,消費税等が倒産の主因であり政府の失政だと総括を求める
122115254X02620260708_027,12,減税・廃止,中小企業・インボイス;景気・成長,高,赤字企業課税の減額検討と一律減税なしでは中小の復活はできないと主張
122115254X02620260708_027,13,減税・廃止,中小企業・インボイス,高,段階的廃止は物価対策ではなく中小企業支援策だと主張
