speechID,para_id,h_stance,a_stance,ai_confidence,note,ai_note,text
121915254X00320251105_005,22,a,e,中,,食料品減税を含む負担軽減策が提案されたと列挙する事実の説明,これらに加えて、党の内外から、定額給付金、あるいは最低賃金引上げなどによる手取り増、食料品に係る消費税の減税、基礎控除の引上げ、給付付き税額控除、社会保険料軽減などの負担軽減策、さらに、ガソリンや軽油引取税の暫定税率の廃止など、様々な施策が提案されておりました。
121915254X00720251203_034,18,e,a,高,,不況下では転嫁できないと指摘し事業者課税の問題を提起している,消費税について、財務省は、消費税の納税義務者は事業者であり、事業者の売上げに課税する税であるが、事業者が価格に転嫁することによって、つまり値上げすることによって、最終的には消費者が負担することが予定されている税であり、消費者が負担し事業者が納付する間接税であると説明をしてきました。しかし、三十年にも及ぶ不景気で国民が貧困化していく中で、全ての事業者が財務省が予定するとおりに値上げできる状況ではありません。
121915254X00720251203_034,21,e,a,高,,赤字事業者にも課される直接税だと批判し減税方向に向かう,経費の全部を差し引くことが認められていないので、赤字の事業者にも納税額が発生します。価格交渉力の弱い事業者や競争の激しい業界では、事業者が自らの利益を削って、場合によっては赤字でも納税させられているのが消費税の実態です。消費税とは、間接税ではなく、事業者に課せられた直接税であるというべきものなのです。
122105254X00420260225_003,50,a,e,中,,二年間減税の財源だけなら何とかなると述べるが減税自体は主張しない,高市総理は、赤字国債を発行せずに、租税特別措置や補助金の見直し、税外収入で対応するとの方針を示しています。私も、消費税の二年間の減税の財源だけなら何とかなると思います。
122105254X00420260225_003,69,e,b,中,,五兆円があるなら食料品ゼロより現役の社会保険料引下げに充てるべきだと述べる,現在、現役世代から高齢者への仕送りとも言える、協会けんぽや健康保険組合、市町村国保から後期高齢者医療制度への拠出金は年間七兆円にも及んでいます。食料品消費税ゼロに使えるお金が年間五兆円あるなら、これを拠出金の代わりに充てることで、現役世代の社会保険料負担を引き下げた方がいいのではないでしょうか。
122105254X02220260603_020,24,e,a,中,,来年四月実施では今の物価高支援にならないと遅れを責めている,現在、国民会議で食料品消費税の扱いについて議論が行われています。一部報道では、税率を一％にし、来年四月一日からの実施を目指すとも伝えられています。しかし、仮に最速でも来年四月ということであれば、今年度中の支援にはなりません。国民が物価高に困っているのは今です。
122115254X00320260225_002,23,e,a,高,,減税の財源説明を求めている,総理は責任ある積極財政を掲げていますが、であるならば、食料品消費税減税について財源の説明は不可欠です。政府の財源確保の基本方針をお示しください。
122115254X00320260225_005,32,e,a,高,,給付付き税額控除と食料品消費税ゼロの具体化を問う,そこで、実質的な賃金や可処分所得の増加、同時に、物価高騰の鎮静化の双方に向けて、給付付き税額控除の制度設計を含めた社会保障と税の一体改革や飲食料品の二年間に限った消費税率ゼロについて、どのように具体的に進めていくおつもりでしょうか。総理にお伺いをいたします。
122115254X00720260331_035,19,e,a,高,,インボイス経過措置縮減を批判し中小支援を求める,また、中小企業・小規模事業者を支える税制も不十分です。消費税のインボイスに係る経過措置であるいわゆる二割特例は三割特例に縮減され、対象も個人事業主のみに絞られてしまいます。厳しい経営環境の中で、下で苦しんでいる中小企業・小規模事業者は対象に残し、引き続き支える措置が必要であります。
122115254X00820260407_005,4,e,a,高,,予算審議報告で食料品消費税ゼロを含む多岐の質疑を述べる,質疑は、政府及び日本銀行の我が国経済に対する現状認識、我が国経済の供給力低下の原因と、あるべき対策、原油調達先の多角化に伴う設備投資支援、円安の要因と国内投資拡大の重要性、物価高対策を盛り込んだ暫定予算や補正予算編成の必要性、食料品の消費税率ゼロに関する政府の見解、財政支出と潜在成長率の関係に対する評価、中小企業への追加的な資金繰り支援の必要性、中東情勢の早期鎮静化に向けた我が国の役割、日米首脳会談を踏まえたイラン攻撃に対する法的評価、中東情勢を受けた原油価格高騰への対応策、高額療養費制度見直しの是非、障害児福祉に係る所得制限撤廃の必要性、中東情勢を踏まえた医療機器の安定供給に関する取組、医療機関の経営状況を踏まえた診療報酬改定の重要性など多岐にわたりましたが、その詳細は会議録によって御承知願いたいと存じます。
122115254X01820260603_026,24,e,a,高,,給付付き税額控除の実態を問い減税避けの言い訳かと批判,もし給付付き税額控除という名称を用いながら実際には給付のみを行うのであれば、それは単に減税を避けるための言い訳ではないですか。また、準備期間や事務負担などが要因とおっしゃるなら、増税の際にはそれがほぼ問題視されてこなかったことと整合性がありません。消費税だけでなく、所得税までも減税を避けるのであれば、国民の目には、高市内閣はあくまで減税はしない、国民の手元にお金を残す意思がないというメッセージを送ることになるのではないでしょうか。
122115254X02620260708_027,10,e,a,高,,消費税の構造欠陥を指摘し赤字企業にも課税されることを批判,消費税は、必ず価格に上乗せされて消費者が負担している税金ではなく、売上げに課税されているため、赤字企業にも課税される税金です。売上げに課税されているから、赤字企業にも納税額が発生します。利益が出ていない事業者に納税資金があるはずがありません。滞納の増加は事業者のモラルの問題ではなく、税の構造そのものの欠陥の表れです。消費税は欠陥税制なのです。納税できないのが当然の税制を放置したまま徴収強化だけを進めるのは、本末転倒です。
