speechID,para_id,text,prev_text,next_text,stance,note
121905254X00420251105_003,4,立憲民主党は、まさに食卓の危機とも言えるこの状況を乗り越えるため、十月三十一日に食料品消費税ゼロ法案を衆議院に提出しました。,高市政権の最優先は物価高対策。私たちも同じです。国民は今何を望んでいるか、明らかです。直近のＪＮＮの世論調査によれば、物価高対策で期待する政策として、食料品の消費税ゼロが三〇％で、二位以下を引き離してトップです。,円安が物価高に追い打ちをかけており、命と直結する食料がますます値上がりしています。来年四月からは小学校の給食が無償になります。しかし、その給食の食材購入には消費税が重くのしかかっています。その分を子供たちの給食の質の向上に使いましょう。また、子供食堂では、米の高騰も相まって、食材購入費の負担が非常に厳しい状況です。,a,
121905254X00420251105_017,6,もう一つの審判は、消費税の減税です。,その上、維新の会との合意によって、企業・団体献金の扱いも不問に付し、衆議院議員定数削減に問題をすり替える。これでは、政治と金の問題に蓋をするのと同じではありませんか。,物価高騰は止まらず、実質賃金も前年同月を下回り続け、暮らしの苦しさは深刻になるばかりです。それなのに、自民党は減税より給付金だと主張して、参院選で過半数割れとなり、消費税減税を求める議員が国会の多数となりました。総理は、給付金は国民の理解を得られなかったので実施しないと表明された。ならば、国民が求める消費税減税を行うことが民意に応える道ではありませんか。,a,
121905254X00720251208_024,29,物価高騰が続く中、賃上げが追いつかず、生活も事業も厳しさを増しています。物価高騰対策として、安定的に二％の物価上昇が実現するまで、消費税を五％に引き下げるべきです。複数税率がインボイス導入を招き、企業の事務負担増や免税事業者の取引排除を引き起こしています。単一税率へ戻し、インボイスを廃止し、中小企業を守るためにも、消費税五％への引下げを断行すべきではありませんか。御見解をお伺いします。,次に、消費税について伺います。,次に、ハイパー償却税制、一括償却も含む加速償却について伺います。,a,
121905254X00820251211_014,17,税収増の背景は、物価高による消費税収と賃上げによる所得税収です。インフレ増税と言っていい状態が生じています。国はインフレで潤っています。であるならば、その増収分を、インフレで苦しむ家計に戻すのが筋ではないでしょうか。,二〇二五年の国税収入は、六年連続の過去最高、八十兆円を突破しました。当初見込みより税収が二・九兆円、税外収入が一兆円、不用額は一・二兆円、生み出された財源は合計で約五兆円にも上ります。これは、赤字国債を増やさずとも、年収の壁を百七十八万円に引き上げることも、年少扶養控除を復活させることも可能であることを意味します。,しかし、今回の減税規模は、国民民主党が提案をしたガソリン暫定税率廃止一・五兆円、年収の壁の見直し一・二兆円の合計二・七兆円にとどまります。それぞれ、ガソリンの暫定税率廃止は五十一年ぶり、年収の壁の見直しは三十一年ぶりの大英断であることは評価しつつも、なお政策余地があることははっきりと申し上げておきます。,a,
121915254X00320251105_005,22,これらに加えて、党の内外から、定額給付金、あるいは最低賃金引上げなどによる手取り増、食料品に係る消費税の減税、基礎控除の引上げ、給付付き税額控除、社会保険料軽減などの負担軽減策、さらに、ガソリンや軽油引取税の暫定税率の廃止など、様々な施策が提案されておりました。,これまで、政府・与党は、物価高に対して、低所得世帯向けの給付金やガソリン価格等の抑制、電気・ガス料金の支援、また重点支援地方交付金などの措置を講じてきました。,これらに対して、決断と前進を掲げる高市内閣は、既に所信の中で、ガソリン税や軽油引取税の暫定税率の早期廃止、電気・ガス料金の支援、重点支援交付金の拡充のほか、基礎控除の物価連動型の引上げ措置や、給付付き税額控除の制度設計についての議論等の着手に明言をしており、力強い限りであります。,a,
121915254X00420251106_012,19,総理のおっしゃる強い経済、特に国内経済の再生には、消費税とインボイスの廃止こそ即効性が高く、最も効果的だと考えます。廃止すれば中小企業に資金が残り、賃上げが進み、個人消費が活性化します。,今必要なのは、経済の血流を良くし、物価高に負けない成長と賃上げを実現することです。その点で、日本経済の血流を最も止めていると考えられるのが消費税です。消費税は、利益の有無にかかわらず売上げの一部を国に納める第二法人税となっており、国内経済を支える中小企業を最も苦しめる税となっています。,それにもかかわらず、なぜ総理は消費税減税を避け、制度設計に時間を要する給付付き税額控除にかじを切ろうとされているのか。消費税の逆進性を補うどころか、更なる税率引上げを見据えているようにも見えます。その真意をお聞かせください。,a,
121915254X00720251203_034,17,次に、消費税について伺います。,積極財政を標榜する高市政権としては、この状況を改善するために、地方交付税の算定基準を見直して、公務員の増員や正規化、地方独自のインフラ整備を行うための地方交付税の大幅な増額を行う必要があると考えますが、総理のお考えをお伺いいたします。,消費税について、財務省は、消費税の納税義務者は事業者であり、事業者の売上げに課税する税であるが、事業者が価格に転嫁することによって、つまり値上げすることによって、最終的には消費者が負担することが予定されている税であり、消費者が負担し事業者が納付する間接税であると説明をしてきました。しかし、三十年にも及ぶ不景気で国民が貧困化していく中で、全ての事業者が財務省が予定するとおりに値上げできる状況ではありません。,e,
121915254X00720251203_034,18,消費税について、財務省は、消費税の納税義務者は事業者であり、事業者の売上げに課税する税であるが、事業者が価格に転嫁することによって、つまり値上げすることによって、最終的には消費者が負担することが予定されている税であり、消費者が負担し事業者が納付する間接税であると説明をしてきました。しかし、三十年にも及ぶ不景気で国民が貧困化していく中で、全ての事業者が財務省が予定するとおりに値上げできる状況ではありません。,次に、消費税について伺います。,それでは、財務省の予定するとおりに値上げできなければどのようなことが起こるのか。,e,
121915254X00720251203_034,21,経費の全部を差し引くことが認められていないので、赤字の事業者にも納税額が発生します。価格交渉力の弱い事業者や競争の激しい業界では、事業者が自らの利益を削って、場合によっては赤字でも納税させられているのが消費税の実態です。消費税とは、間接税ではなく、事業者に課せられた直接税であるというべきものなのです。,値上げできなければ、消費税を消費者から預かっていないので納税しなくていいのかといえば、そんなことはありません。消費税法には、売上げの一〇％からインボイスのある経費の一〇％だけを差し引いて残りを納税せよとしか書いてありません。どんなに高く売ろうが、どんなに安く売ろうが、とにかく売上げの一〇％を納税せよと規定されているのが消費税です。,このような税制ですから、滞納が多いのは当然です。国税の中で滞納が最も多いのが消費税。消費税の新規滞納発生額は、令和四年度が三千六百三十億円、令和五年度が四千三百八十三億円、令和六年度が五千二百九十八億円と、年々増加しています。,e,
121915254X00720251203_038,2,本決算での税収は、七十五・二兆円と過去最大となりました。しかし、その内訳は、消費税が二十五兆円もあるのに対し、所得税二十一・二兆円、法人税十七・九兆円と、所得の少ない人ほど重い負担となる消費税が税収の大半を占め、もうかっている大企業と富裕層は優遇されています。不公正な税制により、所得再分配の機能が破壊され、格差が広がっているのではありませんか。,私は、会派を代表し、二〇二四年度決算について総理に質問をいたします。,格差を正し、物価高騰から庶民の暮らしを守るため、大企業と富裕層への優遇税制を見直し、緊急に消費税を減税し、インボイスは撤廃すべきではありませんか。,a,
121915254X00720251203_041,12,生活に困窮している多くの人たちの苦しみに更に追い打ちを掛けているのが消費税です。社会的に弱い立場に置かれている人たちが安心して生きられるように、消費税の廃止を総理に求めます。,その上で、生活保護利用者全員の保護費の引下げ額の全額補償を要求します。高市総理の見解を求めます。,以上で質問を終わります。,a,
121915254X00920251208_004,29,財源の確保を宙に浮かせたまま、例えば野党側が提案する消費税減税については財源、財源、財源と指摘するのですから、その財源を握り、捻出の方法にたけた政府が財源をどうするかの決定を先延ばしにして防衛費倍増を前倒しするのは、責任ある積極財政などと聞いてあきれる無責任極まりない破綻財政と言わざるを得ません。,防衛費倍増を決めた令和五年、五年間で四十三兆円を捻出する財源として、当初、増税を防衛財源の柱とする案が示されていました。その案をうやむやにしたままで、結局は赤字国債の発行で賄うことをよしとするのであれば、最初からそのように説明して防衛費倍増の是非を問うべきだったのではないですか。,防衛費二％に充てる分の法人税の上乗せ、たばこ税の引上げ、また東日本大震災復興特別所得税二・一％のうち一％を充てるといった方針に変わりはないのでしょうか。令和九年度から所得税を増税して財源に充てると報じられていますが、総理、真偽も含めて御答弁をお願いいたします。,e,
121915254X01020251216_008,7,一部の富裕層のみに利益が集中する積極財政ではなく、インボイス制度や消費税を廃止して全国民に恩恵が行き渡る積極財政を、身を切る改革ではなく、国民生活と経済を豊かにする身を肥やす改革を実現していただくことを強く要望します。,これまでの予算編成は、プライマリーバランス黒字化という目標が足かせとしてあったために、経済を成長させるために必要な予算規模を確保することができませんでした。来年度こそ、プライマリーバランス黒字化という目標を、済みません、プライマリーバランス黒字化目標という足かせを完全に外し、日本が経済成長を取り戻すために必要な予算を大胆に編成していただくことを望みます。,また、代表質問でも述べましたが、予算は国家の意思だと考えています。従来の問題に場当たり的に対処するための政策に惰性で予算を付けるのではなく、日本が力を失っている根本原因の解決に重点的に予算を配分していただきたいと思います。,a,
122105254X00420260225_003,31,食料品の消費税ゼロは具体的にいつから可能となるのか、お示しください。スマートレジの整備が経産大臣への指示書の中に入っていましたが、スマートレジが入ったとして、最短でいつ食料品の消費税はゼロにできるんでしょうか。選挙期間中に総理がおっしゃった来年度中の実施を目指す意向に変わりがないのか、確認をいたします。,まず、実施時期です。,次に、税法上の位置づけです。,e,
122105254X00420260225_003,33,食料品については二年間に限り消費税の対象としないとの公約の記述がありますが、これは、非課税取引にするという意味か、それとも、課税取引だけれども免税あるいはゼロ税率という意味なのか。仕入れ税額控除や還付が認められるかどうかなど、事業者への影響も大きく変わってくるので、消費税の対象としないということの税法上の位置づけを明確にお答えください。,次に、税法上の位置づけです。,三つ目として、飲食料品の範囲です。,e,
122105254X00420260225_003,50,高市総理は、赤字国債を発行せずに、租税特別措置や補助金の見直し、税外収入で対応するとの方針を示しています。私も、消費税の二年間の減税の財源だけなら何とかなると思います。,これで最後になりますが、十番目として、財源確保の問題です。,ただ、問題は、今後、防衛力の強化や社会保障関係費の増大などへの財源確保措置も必要になってきます。トータルとして赤字国債の発行を増やさずに消費税減税を実施できると考えているのか、それとも、他の歳出項目は赤字国債で賄わざるを得ないと考えているのか、歳出歳入の全体像を語ることが責任ある積極財政だと考えますが、総理の見解を伺います。,a,
122105254X00420260225_003,69,現在、現役世代から高齢者への仕送りとも言える、協会けんぽや健康保険組合、市町村国保から後期高齢者医療制度への拠出金は年間七兆円にも及んでいます。食料品消費税ゼロに使えるお金が年間五兆円あるなら、これを拠出金の代わりに充てることで、現役世代の社会保険料負担を引き下げた方がいいのではないでしょうか。,国民民主党は、現役世代から豊かになろうというスローガンの下、現役世代の社会保険料負担の引下げを訴え続けてきました。その基本となる考え方の一つが、年齢ではなく能力に応じた負担です。,また、現役世代の社会保険料負担を抑えるためには、後期高齢者医療制度の窓口負担を、前期高齢者と同様、原則二割にしてはいかがでしょうか。高市総理の見解を伺います。,e,
122105254X00420260225_011,10,まず、消費税について御質問します。,以上のような政党としての基本姿勢を前提に、質問をさせていただきます。,現在、政府では、給付つき税額控除の導入と並行して、二年間、食料品の消費税率をゼロにする方針を掲げています。しかし、消費税減税にはリスクも伴います。消費税減税は、円安や長期金利の上昇を招く可能性があります。仮に円安が更に進行すると、輸入物価の上昇により国内の物価高を助長するおそれがあります。,e,
122105254X00420260225_011,20,次に、給付つき税額控除や消費税減税を議論する場としての国民会議について御質問いたします。,給付つき税額控除の設計について、詳細は今後国民会議で議論されるものと理解しておりますが、年収の壁をなくし、働き控えを起こさないことの重要性について、総理のお考えをお示しください。,チームみらいとしては、結論ありきではなく、多様な民意を酌み取った上で、闊達な議論が行われることを期待しております。また、議論内容や検討プロセスが国民に開かれた会議となることを期待いたしております。,e,
122105254X02220260603_020,24,現在、国民会議で食料品消費税の扱いについて議論が行われています。一部報道では、税率を一％にし、来年四月一日からの実施を目指すとも伝えられています。しかし、仮に最速でも来年四月ということであれば、今年度中の支援にはなりません。国民が物価高に困っているのは今です。,次に、食料品の消費税と給付つき税額控除の議論について伺います。,しかも、国民の皆様が苦しんでいるのは食料品だけではありません。日用品、家賃、教育費、あらゆる物とサービスが値段が上がっています。さらに、勤労者にとってはインフレだけでなく社会保険料の負担も重い。この問題にこそ、スピード感を持って政治が真正面から向き合うべきです。,e,
122115254X00320260225_002,23,総理は責任ある積極財政を掲げていますが、であるならば、食料品消費税減税について財源の説明は不可欠です。政府の財源確保の基本方針をお示しください。,立憲民主党が給付付き税額控除の提案をした昨年から給付付き税額控除の実務者協議が進み、その後、高市総理が提案され、国民会議が設置されました。そこに急に食料品消費税の議題も追加となりました。,また、今回の選挙で与党は大多数となり、総理は、食料品消費税減税という悲願達成の環境、それが整ったのかなと思います。まずは与党として取りまとめ、国会に提案するおつもりはないでしょうか。,e,
122115254X00320260225_005,32,そこで、実質的な賃金や可処分所得の増加、同時に、物価高騰の鎮静化の双方に向けて、給付付き税額控除の制度設計を含めた社会保障と税の一体改革や飲食料品の二年間に限った消費税率ゼロについて、どのように具体的に進めていくおつもりでしょうか。総理にお伺いをいたします。,しかし、物価高により、名目の個人消費は増加しているものの、物価上昇を加味した実質の個人消費は、コロナ禍前の水準を上回ることができておりません。その要因として、賃上げ率が物価上昇を超えるまでには至っていないこと、そして、少子高齢化に伴い社会保険料負担が増加していることなどが考えられます。,また、もっと働いて手取りを増やしたいが、労働時間規制があるがために、副業を入れ、かえって健康を損ねてしまう方が出ることも心配です。,e,
122115254X00720260331_035,19,また、中小企業・小規模事業者を支える税制も不十分です。消費税のインボイスに係る経過措置であるいわゆる二割特例は三割特例に縮減され、対象も個人事業主のみに絞られてしまいます。厳しい経営環境の中で、下で苦しんでいる中小企業・小規模事業者は対象に残し、引き続き支える措置が必要であります。,立憲民主・無所属は、公明党及び参政党とともに委員会において防衛特別所得税の創設を凍結する修正案を提出いたしました。防衛特別所得税を創設しなくとも防衛力強化に必要な財源は確保できるにもかかわらず、国民生活が厳しい状況に置かれている中で所得税を増税する必要が本当にあるのでしょうか。直ちに見直すべきです。,さらに、私たちは、公平、納得の税制改革を訴え、巨額の租税特別措置が適用されている企業を実名で公表することを求めてきました。しかし、結論は先送りにされており、政府の改革に向けた取組は不十分であると言わざるを得ません。,e,
122115254X00720260331_039,24,つまり、消費税は、賃上げを妨げるだけでなく、社会保険料の引上げを招く構造を有しています。この構造を放置したまま社会保障のためと説明し続けることは、国民に対して誠実な態度だとお考えでしょうか。,政府は、賃上げを掲げながら、同時に消費税という賃上げ妨害税を維持している。消費税は事業者にとってコストであり、価格転嫁ができなければ、その分だけ賃上げの余力を奪います。特に、医療機関では、仕入れ税額控除ができない構造により、消費税が直接的に経営を圧迫している。その結果、公立病院の八割以上が赤字に陥り、その補填は社会保障費で賄われ、最終的には社会保険料の引上げへとつながっています。,参政党が食品のみの消費税ゼロに反対し、一律の消費減税を主張したのも、今まさに医療業界が被っている消費税非課税による負担が飲食業界にも同じく発生する可能性が高いからです。,a,
122115254X00720260331_039,25,参政党が食品のみの消費税ゼロに反対し、一律の消費減税を主張したのも、今まさに医療業界が被っている消費税非課税による負担が飲食業界にも同じく発生する可能性が高いからです。,つまり、消費税は、賃上げを妨げるだけでなく、社会保険料の引上げを招く構造を有しています。この構造を放置したまま社会保障のためと説明し続けることは、国民に対して誠実な態度だとお考えでしょうか。,結論として申し上げます。,a,
122115254X00720260331_039,27,間接税として徴収されているのに運用は直接税、目的税として徴収されているのに実際は一般財源、社会保障の財源と言われているのに実際は社会保険料引上げ税。消費税が内包する多くの矛盾に、国民はもうこれ以上耐えられません。財源は示しました。どうか一度、国民のために廃止していただきたい。全てが変わると思います。参政党は、引き続き消費税の廃止についてしっかりと訴えてまいります。,結論として申し上げます。,以上を申し上げ、私の討論といたします。,a,
122115254X00820260407_005,4,質疑は、政府及び日本銀行の我が国経済に対する現状認識、我が国経済の供給力低下の原因と、あるべき対策、原油調達先の多角化に伴う設備投資支援、円安の要因と国内投資拡大の重要性、物価高対策を盛り込んだ暫定予算や補正予算編成の必要性、食料品の消費税率ゼロに関する政府の見解、財政支出と潜在成長率の関係に対する評価、中小企業への追加的な資金繰り支援の必要性、中東情勢の早期鎮静化に向けた我が国の役割、日米首脳会談を踏まえたイラン攻撃に対する法的評価、中東情勢を受けた原油価格高騰への対応策、高額療養費制度見直しの是非、障害児福祉に係る所得制限撤廃の必要性、中東情勢を踏まえた医療機器の安定供給に関する取組、医療機関の経営状況を踏まえた診療報酬改定の重要性など多岐にわたりましたが、その詳細は会議録によって御承知願いたいと存じます。,以来、基本的質疑、一般質疑に加え、三回にわたる集中審議を行い、三月二十四日に公聴会を開催し、四月一日及び二日には各委員会に審査を委嘱し、本日、立憲民主・無所属及び公明党から原油高・物価高対策等を追加する旨の一般会計予算及び特別会計予算に対する修正案が提出されるとともに、徳永委員より趣旨説明が行われ、次いで、国民民主党・新緑風会から燃料油価格高騰対策等を追加する旨の一般会計予算に対する修正案が提出されるとともに、田村委員より趣旨説明が行われ、以後、原案及び両修正案について質疑を行うなど、熱心に審査を行ってまいりました。,本日をもって質疑を終局した後、両修正案は予算総額の増額でありますので、国会法第五十七条の三の規定により内閣の意見を求めたところ、政府としては反対であるとの発言がありました。,e,
122115254X01820260603_026,24,もし給付付き税額控除という名称を用いながら実際には給付のみを行うのであれば、それは単に減税を避けるための言い訳ではないですか。また、準備期間や事務負担などが要因とおっしゃるなら、増税の際にはそれがほぼ問題視されてこなかったことと整合性がありません。消費税だけでなく、所得税までも減税を避けるのであれば、国民の目には、高市内閣はあくまで減税はしない、国民の手元にお金を残す意思がないというメッセージを送ることになるのではないでしょうか。,本来、給付付き税額控除とは、税額控除、すなわち所得税及び住民税などの減税が中心であり、控除し切れない部分においては給付で補完するという制度です。ところが、現在の議論は、給付ばかりが先行し、減税の議論が見えてきません。なぜ給付付き税額控除を給付に一本化されようとされているのでしょうか。経済財政担当大臣、合理的な理由があればお示しください。,最後に申し上げます。,e,
122115254X02620260708_027,10,消費税は、必ず価格に上乗せされて消費者が負担している税金ではなく、売上げに課税されているため、赤字企業にも課税される税金です。売上げに課税されているから、赤字企業にも納税額が発生します。利益が出ていない事業者に納税資金があるはずがありません。滞納の増加は事業者のモラルの問題ではなく、税の構造そのものの欠陥の表れです。消費税は欠陥税制なのです。納税できないのが当然の税制を放置したまま徴収強化だけを進めるのは、本末転倒です。,令和六年度における税金の新規滞納発生額は九千九百二十五億円、前年度比二四・一％増と大幅に増加し、税目別では五千二百九十八億円を消費税が占めています。,同じことが社会保険料にも言えます。倒産の直接原因に国自身が課す公租公課が上がっており、その大きな要因を消費税、社会保険料が占めている以上、これはもはや経営者の失敗による、経営者の失敗による滞納ではなく、政府の失政による倒産であると言わざるを得ません。政府は、この事実を決算上どう総括するのでしょうか。,e,
122115254X02620260708_027,13,だから、私たち参政党は、国民負担率に三五％のキャップをはめること、そして消費税の段階的廃止を訴えています。私たちが訴える消費税の減税、廃止議論は、物価対策ではありません。消費税を減税しても、物価は税率どおりには下がりません。消費税減税、廃止とは、今の物価高、人件費高騰に苦しむ中小企業を支援する究極の中小企業支援策なのです。,赤字企業にも課税する消費税や社会保険料の減額を検討しない限り、日本社会の宝であり、地方を支える中小企業の復活や中小企業で働く皆さんの賃上げは実現できません。しかし、残念ながら、消費税については一律税率にして減税するという議論は排除され、食料品のみ、二年間限定の減税が議論されているのみです。これでは全く解決になりません。,また、自民党は、二〇二二年参議院選挙の公約に、新型コロナや物価高騰等で苦しむ中小企業の資金繰りを支え、過剰債務の軽減を含めた事業再生、再チャレンジを支援しますと明記していました。ところが、政府が実際に行ったのは、ほとんどが借換え、返済繰延べ、すなわち債務の先送りであり、公約に掲げた過剰債務の軽減、すなわち元本の減免、カットはほとんど実現されておりません。先送りされた債務は消えておらず、返済本格化と物価高、仕入れ高、人件費高騰が重なった令和六年度に倒産という形で顕在化し、今でも収束していません。軽減と借換えのすり替えは実質的な公約の不履行です。,a,
