speechID,para_id,theme,party,role,speaker,text,prev_text,next_text,topics,stance,note,label_version
121905254X00320251104_007,37,消費税,立憲民主党,議員,野田佳彦,自民党と日本維新の会の連立政権合意書には、飲食料品については、二年間に限り消費税の対象としないことも視野に、法制化につき検討を行うとの記載があります。実施時期も明記されていなければ、視野に、検討など、やる気のなさがにじみ出ている一文です。,民間の調査によれば、十月だけで三千品目以上の値上げが行われており、今年一年間では二万品目を超える食料品の値上げが行われる見込みです。所得が低い人ほど食料品の支出割合が高い傾向にあることから、現下の食料品の高騰は極めて深刻であり、急ぎ対策を実行することが必要です。,高市総理は、今年五月二十三日、自民党税制調査会の勉強会が終了した後、記者団の取材に応じられて、国の品格として食料品の消費税率はゼロ％にするべきと発言されています。たった数か月前、総理が国の品格とまでおっしゃった政策です。,,,,v0
121905254X00320251104_007,38,消費税,立憲民主党,議員,野田佳彦,高市総理は、今年五月二十三日、自民党税制調査会の勉強会が終了した後、記者団の取材に応じられて、国の品格として食料品の消費税率はゼロ％にするべきと発言されています。たった数か月前、総理が国の品格とまでおっしゃった政策です。,自民党と日本維新の会の連立政権合意書には、飲食料品については、二年間に限り消費税の対象としないことも視野に、法制化につき検討を行うとの記載があります。実施時期も明記されていなければ、視野に、検討など、やる気のなさがにじみ出ている一文です。,立憲民主党は、食料品消費税ゼロ法案を先月三十一日に国会に提出をし、他党の御理解と御賛同を得ながら今国会中の成立を目指していますが、総理、共に実現しませんか。,,,,v0
121905254X00320251104_007,39,消費税,立憲民主党,議員,野田佳彦,立憲民主党は、食料品消費税ゼロ法案を先月三十一日に国会に提出をし、他党の御理解と御賛同を得ながら今国会中の成立を目指していますが、総理、共に実現しませんか。,高市総理は、今年五月二十三日、自民党税制調査会の勉強会が終了した後、記者団の取材に応じられて、国の品格として食料品の消費税率はゼロ％にするべきと発言されています。たった数か月前、総理が国の品格とまでおっしゃった政策です。,高市総理は、自他共に認めるアベノミクスの継承者です。,,,,v0
121905254X00320251104_007,50,消費税,立憲民主党,議員,野田佳彦,我々は、消費税の逆進性対策として、給付つき税額控除の導入を長年にわたって主張してまいりました。所得再分配機能の強化、勤労意欲の促進などの効果もあると思います。,総理、金融緩和と積極財政は物価高を助長するのではないでしょうか。,高市総理も、給付つき税額控除は私の持論とおっしゃられ、政府として制度設計の導入に着手することを掲げられたことは率直に歓迎したいと思います。,,,,v0
121905254X00320251104_008,26,消費税,自由民主党,政府,高市早苗,内閣としては、物価高対策としてすぐに対応できることをまず優先すべきと考えております。その上で、消費税率の引下げにつきましては、事業者のレジシステムの改修等に一定の時間がかかる等との課題にも留意が必要であると考えております。,御指摘の法案を御党が国会に提出されたことは承知していますが、国会における法案の取扱いについては、政府の立場からコメントをすることは差し控えたいと思います。,そして、アベノミクスの評価についてお尋ねがございました。,,,,v0
121905254X00420251105_003,3,消費税,立憲民主党,議員,吉田はるみ,高市政権の最優先は物価高対策。私たちも同じです。国民は今何を望んでいるか、明らかです。直近のＪＮＮの世論調査によれば、物価高対策で期待する政策として、食料品の消費税ゼロが三〇％で、二位以下を引き離してトップです。,高市総理、内閣総理大臣の御就任、誠におめでとうございます。女性初の総理大臣として注目を集め、その重責は想像をはるかに超えるものとお察しします。男性中心の政治の世界に風穴を空けられました。政治への信頼を回復し、是は是、非は非、党派を超えて活発な議論をする国会に変える、その先頭に立ち、リードされることを御期待申し上げます。,立憲民主党は、まさに食卓の危機とも言えるこの状況を乗り越えるため、十月三十一日に食料品消費税ゼロ法案を衆議院に提出しました。,,,,v0
121905254X00420251105_003,4,消費税,立憲民主党,議員,吉田はるみ,立憲民主党は、まさに食卓の危機とも言えるこの状況を乗り越えるため、十月三十一日に食料品消費税ゼロ法案を衆議院に提出しました。,高市政権の最優先は物価高対策。私たちも同じです。国民は今何を望んでいるか、明らかです。直近のＪＮＮの世論調査によれば、物価高対策で期待する政策として、食料品の消費税ゼロが三〇％で、二位以下を引き離してトップです。,円安が物価高に追い打ちをかけており、命と直結する食料がますます値上がりしています。来年四月からは小学校の給食が無償になります。しかし、その給食の食材購入には消費税が重くのしかかっています。その分を子供たちの給食の質の向上に使いましょう。また、子供食堂では、米の高騰も相まって、食材購入費の負担が非常に厳しい状況です。,,,,v0
121905254X00420251105_003,5,消費税,立憲民主党,議員,吉田はるみ,円安が物価高に追い打ちをかけており、命と直結する食料がますます値上がりしています。来年四月からは小学校の給食が無償になります。しかし、その給食の食材購入には消費税が重くのしかかっています。その分を子供たちの給食の質の向上に使いましょう。また、子供食堂では、米の高騰も相まって、食材購入費の負担が非常に厳しい状況です。,立憲民主党は、まさに食卓の危機とも言えるこの状況を乗り越えるため、十月三十一日に食料品消費税ゼロ法案を衆議院に提出しました。,直接暮らしに届ける食料品消費税ゼロ法案の審議、是非やりましょう。,,,,v0
121905254X00420251105_003,6,消費税,立憲民主党,議員,吉田はるみ,直接暮らしに届ける食料品消費税ゼロ法案の審議、是非やりましょう。,円安が物価高に追い打ちをかけており、命と直結する食料がますます値上がりしています。来年四月からは小学校の給食が無償になります。しかし、その給食の食材購入には消費税が重くのしかかっています。その分を子供たちの給食の質の向上に使いましょう。また、子供食堂では、米の高騰も相まって、食材購入費の負担が非常に厳しい状況です。,自民、維新の連立合意に、飲食料品に関しては、二年間に限り消費税の対象としないことも視野に、法制化につき検討を行うと書かれていますが、法制化につき検討とは、具体的にどこで何をすることなのでしょうか。総理、お答えください。,,,,v0
121905254X00420251105_003,7,消費税,立憲民主党,議員,吉田はるみ,自民、維新の連立合意に、飲食料品に関しては、二年間に限り消費税の対象としないことも視野に、法制化につき検討を行うと書かれていますが、法制化につき検討とは、具体的にどこで何をすることなのでしょうか。総理、お答えください。,直接暮らしに届ける食料品消費税ゼロ法案の審議、是非やりましょう。,食料品の値上がりで国民不安が高まっています。とりわけ、私たちの主食である米の高騰です。,,,,v0
121905254X00420251105_004,1,消費税,自由民主党,政府,高市早苗,自民党と日本維新の会の連立合意書における消費税の記載についてお尋ねがございました。,,今般の連立合意におきましては、消費税について御指摘の内容が記載されておりますが、連立合意を受けた具体的な対応については、今後、両党の間で検討されていくものと考えており、政府の立場から予断を持ってお答えすることは差し控えたいと思います。,,,,v0
121905254X00420251105_004,2,消費税,自由民主党,政府,高市早苗,今般の連立合意におきましては、消費税について御指摘の内容が記載されておりますが、連立合意を受けた具体的な対応については、今後、両党の間で検討されていくものと考えており、政府の立場から予断を持ってお答えすることは差し控えたいと思います。,自民党と日本維新の会の連立合意書における消費税の記載についてお尋ねがございました。,なお、物価高対策としては、内閣として、すぐに対応できることをまず優先すべきと考えております。,,,,v0
121905254X00420251105_004,4,消費税,自由民主党,政府,高市早苗,その上で、消費税率の引下げにつきましては、事業者のレジシステムの改修等に一定の期間がかかるとの課題にも留意が必要であると考えております。,なお、物価高対策としては、内閣として、すぐに対応できることをまず優先すべきと考えております。,米の価格高騰の原因とその対応策についてお尋ねがございました。,,,,v0
121905254X00420251105_006,64,消費税,国民民主党,議員,玉木雄一郎,政府は、二〇三〇年に年間六千万人の外国人観光客の受入れと、観光消費額を約十五兆円に拡大するという目標を掲げていますが、他方で、オーバーツーリズム対策を的確に取らないと国民の生活に混乱が生じます。その財源として、国民民主党は、出国税の増税や入国税の創設、外国人観光客に対する消費税免税措置の見直しなどを提案していますが、オーバーツーリズム対策として、高市総理の見解をお示しください。,国民民主党は、カナダのような投機・空室税の創設や、バブル時代に導入していた五年以内の短期の不動産譲渡に対する課税強化を検討しています。高市総理は適正価格の住宅取得をどのように実現するつもりか、伺います。,世界でデータセンター等の電力消費量が急増しています。デジタル化や経済成長の前提は安価で安定的な電力供給であり、そのために原子力発電所の早期再稼働が欠かせません。とりわけ、西日本に比べて割高となっている東日本の安価で安定的な電力供給のためには、柏崎刈羽原子力発電所の再稼働を急ぐべきです。再稼働への技術的準備が整い、あとは新潟県の同意のみとなっていますが、国として柏崎刈羽の再稼働に向けて具体的にどのような役割を果たすつもりか、総理の見解を伺います。,,,,v0
121905254X00420251105_011,67,消費税,公明党,議員,斉藤鉄夫,公明党は、高額療養費制度は今後も堅持すべきであると考えます。また、福祉的な観点から消費税の軽減税率を深掘りすることと、給付つき税額控除の両立はできると訴えています。,こうした中で、総理が提唱された有識者を交えた超党派の国民会議の設置について、公明党は大いに賛同します。ただし、我が国の将来を決する大きなテーマであるだけに、可能な限り多くの合意を得られるよう、丁寧な議論を求めます。現役世代の保険料負担の軽減や高額療養費制度の持続、ＯＴＣ類似薬の保険適用除外、医療、介護従事者の給与引上げ、給付つき税額控除の導入など、テーマは数多くあります。,社会保障改革は、年金、医療、介護などの分野について、総合的視点から給付と負担の在り方を検討しなければなりません。国民会議では、与野党の枠を超え、広く国民の意見を伺いながら、財源を含めた新たな社会保障と税の一体改革を徹底的に議論し、幅広い合意を得て、実行に着手すべきです。公明党は、安心できる社会保障制度改革に向けて、合意形成の要として、全力で一体改革の議論をリードしていく決意です。,,,,v0
121905254X00420251105_014,2,消費税,れいわ新選組,議員,高井崇志,れいわ新選組は、六年半前、山本太郎がたった一人で党を立ち上げたときから、一貫して消費税廃止を訴えてきました。当時は、どの政党もばかにして取り合いませんでした。それでも、一切空気を読まず、ぶれずに、諦めずに訴え続けてきた結果、今では、国民の実に八割が消費税の廃止、減税を望み、七月の参議院選では、全ての野党が消費税廃止、減税を公約に掲げるまでになりました。,（拍手）,国民の六割が生活が苦しいと答え、年間一万社が倒産する中、悠長に給付つき税額控除を検討している場合ではありません。イギリスでも実現に十数年かかり、総理自身が制度設計に三年はかかると認めています。三十年続く不況に、コロナに、物価高。三重苦に苦しむ国民が望んでいるのは、消費税廃止です。このままでは、失われた三十年は四十年になります。消費税廃止、少なくとも一律五％減税とインボイスの廃止、加えて十万円の現金給付、これこそまず第一にやるべきではないですか。,,,,v0
121905254X00420251105_014,3,消費税,れいわ新選組,議員,高井崇志,国民の六割が生活が苦しいと答え、年間一万社が倒産する中、悠長に給付つき税額控除を検討している場合ではありません。イギリスでも実現に十数年かかり、総理自身が制度設計に三年はかかると認めています。三十年続く不況に、コロナに、物価高。三重苦に苦しむ国民が望んでいるのは、消費税廃止です。このままでは、失われた三十年は四十年になります。消費税廃止、少なくとも一律五％減税とインボイスの廃止、加えて十万円の現金給付、これこそまず第一にやるべきではないですか。,れいわ新選組は、六年半前、山本太郎がたった一人で党を立ち上げたときから、一貫して消費税廃止を訴えてきました。当時は、どの政党もばかにして取り合いませんでした。それでも、一切空気を読まず、ぶれずに、諦めずに訴え続けてきた結果、今では、国民の実に八割が消費税の廃止、減税を望み、七月の参議院選では、全ての野党が消費税廃止、減税を公約に掲げるまでになりました。,れいわ新選組が消費税廃止にこだわるのは、日本経済が三十年成長していない最大の原因だからです。一回の消費増税で起きる消費の落ち込みは、百年に一度と言われたリーマン・ショックをはるかに上回ります。つまり、日本では、百年に一度の経済恐慌が三十年間で四回起きたことになります。ほかに原因があるなら、それは何ですか。人口減少がとか、企業の内部留保がといった、財務省お決まりの他人事、無責任答弁でなく、総理自身の言葉でお答えください。,,,,v0
121905254X00420251105_014,4,消費税,れいわ新選組,議員,高井崇志,れいわ新選組が消費税廃止にこだわるのは、日本経済が三十年成長していない最大の原因だからです。一回の消費増税で起きる消費の落ち込みは、百年に一度と言われたリーマン・ショックをはるかに上回ります。つまり、日本では、百年に一度の経済恐慌が三十年間で四回起きたことになります。ほかに原因があるなら、それは何ですか。人口減少がとか、企業の内部留保がといった、財務省お決まりの他人事、無責任答弁でなく、総理自身の言葉でお答えください。,国民の六割が生活が苦しいと答え、年間一万社が倒産する中、悠長に給付つき税額控除を検討している場合ではありません。イギリスでも実現に十数年かかり、総理自身が制度設計に三年はかかると認めています。三十年続く不況に、コロナに、物価高。三重苦に苦しむ国民が望んでいるのは、消費税廃止です。このままでは、失われた三十年は四十年になります。消費税廃止、少なくとも一律五％減税とインボイスの廃止、加えて十万円の現金給付、これこそまず第一にやるべきではないですか。,消費税は社会保障の財源だは、まやかしです。法律に後からつけ加えたお題目にすぎません。消費税は、紛れもなく直間比率是正のために導入されました。現に、消費税導入以来、国民が納めた消費税総額四百九十九兆円のうち、実に六一％、三百五兆円は法人税減税の穴埋めに使われています。国民の皆さん、皆さんがこつこつ払っている消費税の実に六割は大企業のために払っているんですよ。ばかばかしくないですか。消費税が社会保障の財源だと言い張るならば、なぜ特別会計ではなく一般会計なんですか。納得できる説明ができますか。,,,,v0
121905254X00420251105_014,5,消費税,れいわ新選組,議員,高井崇志,消費税は社会保障の財源だは、まやかしです。法律に後からつけ加えたお題目にすぎません。消費税は、紛れもなく直間比率是正のために導入されました。現に、消費税導入以来、国民が納めた消費税総額四百九十九兆円のうち、実に六一％、三百五兆円は法人税減税の穴埋めに使われています。国民の皆さん、皆さんがこつこつ払っている消費税の実に六割は大企業のために払っているんですよ。ばかばかしくないですか。消費税が社会保障の財源だと言い張るならば、なぜ特別会計ではなく一般会計なんですか。納得できる説明ができますか。,れいわ新選組が消費税廃止にこだわるのは、日本経済が三十年成長していない最大の原因だからです。一回の消費増税で起きる消費の落ち込みは、百年に一度と言われたリーマン・ショックをはるかに上回ります。つまり、日本では、百年に一度の経済恐慌が三十年間で四回起きたことになります。ほかに原因があるなら、それは何ですか。人口減少がとか、企業の内部留保がといった、財務省お決まりの他人事、無責任答弁でなく、総理自身の言葉でお答えください。,物価高対策が急務なのに、自民党のお家騒動による三か月もの政治空白は断じて許せません。しかし、野党も同罪です。なぜ、八月一日にガソリン暫定税率廃止法案を提出しながら、採決せず、五日間で国会を閉じたのですか。国民民主の玉木代表は、通ってしまうからと本音を漏らしていますが、やはり六月に出した法案は通らない前提だったんですか。これだから、与党も野党も茶番だと言われるんです。参議院選で全ての野党が消費税廃止、減税を公約にしているのに、なぜこの三か月間、消費税の協議をしないんですか。全く理解できません。,,,,v0
121905254X00420251105_014,6,消費税,れいわ新選組,議員,高井崇志,物価高対策が急務なのに、自民党のお家騒動による三か月もの政治空白は断じて許せません。しかし、野党も同罪です。なぜ、八月一日にガソリン暫定税率廃止法案を提出しながら、採決せず、五日間で国会を閉じたのですか。国民民主の玉木代表は、通ってしまうからと本音を漏らしていますが、やはり六月に出した法案は通らない前提だったんですか。これだから、与党も野党も茶番だと言われるんです。参議院選で全ての野党が消費税廃止、減税を公約にしているのに、なぜこの三か月間、消費税の協議をしないんですか。全く理解できません。,消費税は社会保障の財源だは、まやかしです。法律に後からつけ加えたお題目にすぎません。消費税は、紛れもなく直間比率是正のために導入されました。現に、消費税導入以来、国民が納めた消費税総額四百九十九兆円のうち、実に六一％、三百五兆円は法人税減税の穴埋めに使われています。国民の皆さん、皆さんがこつこつ払っている消費税の実に六割は大企業のために払っているんですよ。ばかばかしくないですか。消費税が社会保障の財源だと言い張るならば、なぜ特別会計ではなく一般会計なんですか。納得できる説明ができますか。,総理は、雑誌「ＷｉＬＬ」本年九月号の中でこう述べています。石破総理の我が国の財政状況はギリシャよりもよろしくないとの答弁、この答弁書を書いた財務省に対しては苦言を呈しました。債務だけでなく資産を含めたネットで見ると、日本の財政はＧ７中二位です。市場の評価もそうなっています。クレジット・デフォルト・スワップ、これは各国の国債の保険料のようなものですが、日本はＧ７中二位です。自国の通貨を持っていないギリシャの破綻の例や、需要超過の下で更に景気を刺激しようとしたイギリスのトラス・ショックの例を持ち出して危機感をあおる人がいますが、我が国の状況とは全く異なっています。,,,,v0
121905254X00420251105_015,1,消費税,自由民主党,政府,高市早苗,まず、物価高対策としての消費税減税と現金給付についてお尋ねがございました。,,内閣としては、物価高対策として、すぐに対応できることをまず優先すべきと考えております。,,,,v0
121905254X00420251105_015,3,消費税,自由民主党,政府,高市早苗,その上で、消費税率の引下げについて、一定の時間がかかるとの課題にも留意が必要であると考えております。,内閣としては、物価高対策として、すぐに対応できることをまず優先すべきと考えております。,インボイス制度につきましては、今の複数税率の下では、課税の適正性を確保するために必要であると考えております。,,,,v0
121905254X00420251105_015,7,消費税,自由民主党,政府,高市早苗,我が国の経済につきましては、一九九〇年代のバブル崩壊以降、低い経済成長と長引くデフレにより、企業は賃金を抑制し、消費者も将来不安などから消費を抑制し、結果として、需要が低迷し、デフレが加速するという悪循環が生じたものと認識しております。消費税だけを切り出していわゆる失われた三十年の原因について論じることは、適当ではないと考えております。,いわゆる失われた三十年についてお尋ねがございました。,また、消費税は、納税者の皆様に御負担をいただく一方で、福祉目的化されて以降、社会保障給付という形で家計に還元されていることにも十分留意する必要があると考えております。,,,,v0
121905254X00420251105_015,8,消費税,自由民主党,政府,高市早苗,また、消費税は、納税者の皆様に御負担をいただく一方で、福祉目的化されて以降、社会保障給付という形で家計に還元されていることにも十分留意する必要があると考えております。,我が国の経済につきましては、一九九〇年代のバブル崩壊以降、低い経済成長と長引くデフレにより、企業は賃金を抑制し、消費者も将来不安などから消費を抑制し、結果として、需要が低迷し、デフレが加速するという悪循環が生じたものと認識しております。消費税だけを切り出していわゆる失われた三十年の原因について論じることは、適当ではないと考えております。,いずれにしましても、高市内閣では、責任ある積極財政の考え方の下、戦略的に財政出動することにより、所得を増やし、消費マインドを改善し、事業収益が上がる好循環を実現することにより、不安を希望に変える強い経済をつくってまいります。,,,,v0
121905254X00420251105_015,10,消費税,自由民主党,政府,高市早苗,消費税収の経理の在り方についてのお尋ねがございました。,いずれにしましても、高市内閣では、責任ある積極財政の考え方の下、戦略的に財政出動することにより、所得を増やし、消費マインドを改善し、事業収益が上がる好循環を実現することにより、不安を希望に変える強い経済をつくってまいります。,消費税収につきましては、消費税法でその使途を社会保障四経費に定めているほか、毎年の一般会計予算総則において、その収入が充てられる経費を明示しております。,,,,v0
121905254X00420251105_015,11,消費税,自由民主党,政府,高市早苗,消費税収につきましては、消費税法でその使途を社会保障四経費に定めているほか、毎年の一般会計予算総則において、その収入が充てられる経費を明示しております。,消費税収の経理の在り方についてのお尋ねがございました。,その上で、特別会計の新設は抑制すべきだとされている中、一般会計の最大の歳出項目である社会保障四経費が消費税とともに切り出されれば、一般会計による財政の総覧性が失われることから、一般会計で経理してきております。,,,,v0
121905254X00420251105_015,12,消費税,自由民主党,政府,高市早苗,その上で、特別会計の新設は抑制すべきだとされている中、一般会計の最大の歳出項目である社会保障四経費が消費税とともに切り出されれば、一般会計による財政の総覧性が失われることから、一般会計で経理してきております。,消費税収につきましては、消費税法でその使途を社会保障四経費に定めているほか、毎年の一般会計予算総則において、その収入が充てられる経費を明示しております。,日本の財政についてお尋ねがございました。,,,,v0
121905254X00420251105_017,6,消費税,日本共産党,議員,田村智子,もう一つの審判は、消費税の減税です。,その上、維新の会との合意によって、企業・団体献金の扱いも不問に付し、衆議院議員定数削減に問題をすり替える。これでは、政治と金の問題に蓋をするのと同じではありませんか。,物価高騰は止まらず、実質賃金も前年同月を下回り続け、暮らしの苦しさは深刻になるばかりです。それなのに、自民党は減税より給付金だと主張して、参院選で過半数割れとなり、消費税減税を求める議員が国会の多数となりました。総理は、給付金は国民の理解を得られなかったので実施しないと表明された。ならば、国民が求める消費税減税を行うことが民意に応える道ではありませんか。,,,,v0
121905254X00420251105_017,7,消費税,日本共産党,議員,田村智子,物価高騰は止まらず、実質賃金も前年同月を下回り続け、暮らしの苦しさは深刻になるばかりです。それなのに、自民党は減税より給付金だと主張して、参院選で過半数割れとなり、消費税減税を求める議員が国会の多数となりました。総理は、給付金は国民の理解を得られなかったので実施しないと表明された。ならば、国民が求める消費税減税を行うことが民意に応える道ではありませんか。,もう一つの審判は、消費税の減税です。,この三十年間、消費税は三度増税され、法人税は七回も税率が引き下げられ、富裕層への減税と税優遇も続いています。空前の利益を上げる大企業や大資産家には減税、食費さえ切り詰める庶民には消費税の重い負担、この税制の在り方を総理はどう思われますか。大企業には、今よりも税金を負担する力、担税力があると認めますか。消費税の減税で所得の再分配を行うことが必要ではありませんか。,,,,v0
121905254X00420251105_017,8,消費税,日本共産党,議員,田村智子,この三十年間、消費税は三度増税され、法人税は七回も税率が引き下げられ、富裕層への減税と税優遇も続いています。空前の利益を上げる大企業や大資産家には減税、食費さえ切り詰める庶民には消費税の重い負担、この税制の在り方を総理はどう思われますか。大企業には、今よりも税金を負担する力、担税力があると認めますか。消費税の減税で所得の再分配を行うことが必要ではありませんか。,物価高騰は止まらず、実質賃金も前年同月を下回り続け、暮らしの苦しさは深刻になるばかりです。それなのに、自民党は減税より給付金だと主張して、参院選で過半数割れとなり、消費税減税を求める議員が国会の多数となりました。総理は、給付金は国民の理解を得られなかったので実施しないと表明された。ならば、国民が求める消費税減税を行うことが民意に応える道ではありませんか。,暮らしのためにも、経済のためにも、物価高騰を上回る賃上げが必要です。そして、それは可能です。,,,,v0
121905254X00420251105_018,11,消費税,自由民主党,政府,高市早苗,その上で、消費税につきましては、税収が景気や人口構成の変化に左右されにくく安定している、現役世代など特定の層に負担が集中することがないなどの特徴を有しており、社会保障給付という形で家計に還元されていることにも留意する必要があると考えております。,御指摘の富裕層や大企業の税負担の在り方については、これまでも、経済社会の構造変化を踏まえて見直しが進んできております。,税制については、今後とも、応能負担を通じた再分配機能の向上などの観点も踏まえながら、また給付つき税額控除も含め、不断に見直しを進めてまいります。,,,,v0
121905254X00720251208_024,28,消費税,国民民主党,議員,岸田光広,次に、消費税について伺います。,財政学では、将来世代にも便益が及ぶ長期的公共投資は国債等の債券で賄うことが理論的に適切とされています。教育、子育て、科学技術への支出は、まさに未来への投資であり、単年度予算では不十分です。人口減少下で、子供の教育負担を軽減し、将来の成長力を高めるためにも、教育国債を活用し、長期安定的にファイナンスする仕組みに改めるべきではないでしょうか。総理の御所見を伺います。,物価高騰が続く中、賃上げが追いつかず、生活も事業も厳しさを増しています。物価高騰対策として、安定的に二％の物価上昇が実現するまで、消費税を五％に引き下げるべきです。複数税率がインボイス導入を招き、企業の事務負担増や免税事業者の取引排除を引き起こしています。単一税率へ戻し、インボイスを廃止し、中小企業を守るためにも、消費税五％への引下げを断行すべきではありませんか。御見解をお伺いします。,,,,v0
121905254X00720251208_024,29,消費税,国民民主党,議員,岸田光広,物価高騰が続く中、賃上げが追いつかず、生活も事業も厳しさを増しています。物価高騰対策として、安定的に二％の物価上昇が実現するまで、消費税を五％に引き下げるべきです。複数税率がインボイス導入を招き、企業の事務負担増や免税事業者の取引排除を引き起こしています。単一税率へ戻し、インボイスを廃止し、中小企業を守るためにも、消費税五％への引下げを断行すべきではありませんか。御見解をお伺いします。,次に、消費税について伺います。,次に、ハイパー償却税制、一括償却も含む加速償却について伺います。,,,,v0
121905254X00720251208_025,38,消費税,自由民主党,政府,高市早苗,消費税についてお尋ねがありました。,なお、教育国債とするか否かは未定ですが、リスクを最小化し、未来を創造するための投資に係る新しい財源調達の在り方については、前向きに検討しています。,自民党と日本維新の会の連立合意書においては、飲食料品については、二年間に限り消費税の対象としないことも視野に、法制化につき検討を行うとされているように、消費税率の引下げについては、選択肢として排除するものではありません。,,,,v0
121905254X00720251208_025,39,消費税,自由民主党,政府,高市早苗,自民党と日本維新の会の連立合意書においては、飲食料品については、二年間に限り消費税の対象としないことも視野に、法制化につき検討を行うとされているように、消費税率の引下げについては、選択肢として排除するものではありません。,消費税についてお尋ねがありました。,他方で、消費税は、税収が景気や人口構成の変化に左右されにくく安定している、現役世代などの特定の層に負担が集中することがないなどの特徴を有しており、社会保障の財源として活用され、社会保障給付という形で家計に還元されていることにも留意する必要があります。,,,,v0
121905254X00720251208_025,40,消費税,自由民主党,政府,高市早苗,他方で、消費税は、税収が景気や人口構成の変化に左右されにくく安定している、現役世代などの特定の層に負担が集中することがないなどの特徴を有しており、社会保障の財源として活用され、社会保障給付という形で家計に還元されていることにも留意する必要があります。,自民党と日本維新の会の連立合意書においては、飲食料品については、二年間に限り消費税の対象としないことも視野に、法制化につき検討を行うとされているように、消費税率の引下げについては、選択肢として排除するものではありません。,現在、内閣として最優先に取り組むべきことは、物価高対策であり、暮らしの安心を確実かつ迅速に届けることです。,,,,v0
121905254X00720251208_025,43,消費税,自由民主党,政府,高市早苗,また、インボイス制度につきましては、今の複数税率の下で事業者が仕入れ税額控除において差し引く金額を正しく計算できるようにすることで、消費税の課税が適正に行われることを確保するために必要な仕組みとして導入されたものであり、廃止は考えておりません。,速やかに対応できる物価高対策などに優先して取り組み、できる限り早期に実施に移してまいります。,ハイパー償却税制及び加速償却についてお尋ねがありました。,,,,v0
121905254X00720251208_031,24,消費税,れいわ新選組,議員,山川仁,具体的には、消費税の廃止、そして倒産の憂き目に遭っている業種の徹底救済です。例えば農業、酪農、病院、診療所、歯科医院、訪問介護は、倒産件数は過去最多です。緊要性が高いのはこちらではないでしょうか。,高市政権も同じ認識は語られますが、口だけではなく、実行していただきたいと思います。つまり、生活者の購買力向上を図るとともに、生活者に必要な国内供給力を保つこと、そのために必要な量の国債発行をちゅうちょしないことです。,消費税減税をやめたり、米の増産をやめたり、病院のベッドを減らすことに補助金を出したり、逆を行っておりますが、一体どこが責任ある積極財政なんでしょうか。,,,,v0
121905254X00720251208_031,25,消費税,れいわ新選組,議員,山川仁,消費税減税をやめたり、米の増産をやめたり、病院のベッドを減らすことに補助金を出したり、逆を行っておりますが、一体どこが責任ある積極財政なんでしょうか。,具体的には、消費税の廃止、そして倒産の憂き目に遭っている業種の徹底救済です。例えば農業、酪農、病院、診療所、歯科医院、訪問介護は、倒産件数は過去最多です。緊要性が高いのはこちらではないでしょうか。,真摯な答弁を求め、質問を終わりたいと思います。,,,,v0
121905254X00720251208_034,3,消費税,日本共産党,議員,堀川あきこ,物価高に最も効果があり、国民が求めてきた消費税減税こそ実行すべきではありませんか。インボイスは撤廃をすべきです。,今、円安、物価高で暮らしも営業も大変な状況です。総理は、国民に迅速に物価高対策を届けることを第一としたと言いました。しかし、物価高から暮らしを守り、経済を立て直すという太い柱がありません。鳴り物入りの重点支援地方交付金は、使い道が制限され、事務は地方自治体に丸投げです。子育て応援手当は一時しのぎにしかなりません。,最低賃金の引上げが経済対策に書かれていないのはなぜですか。二〇二〇年代に全国平均千五百円という最賃引上げ目標を高市政権は投げ捨てるのですか。,,,,v0
121905254X00720251208_035,1,消費税,自由民主党,政府,高市早苗,消費税についてお尋ねがありました。,,自民党と日本維新の会の連立合意書においては、飲食料品については、二年間に限り消費税の対象としないことも視野に、法制化につき検討を行うとされているように、消費税率の引下げについて、選択肢として排除するものではございません。,,,,v0
121905254X00720251208_035,2,消費税,自由民主党,政府,高市早苗,自民党と日本維新の会の連立合意書においては、飲食料品については、二年間に限り消費税の対象としないことも視野に、法制化につき検討を行うとされているように、消費税率の引下げについて、選択肢として排除するものではございません。,消費税についてお尋ねがありました。,他方で、消費税は、税収が景気や人口構成の変化に左右されにくく安定している、現役世代などの特定の層に負担が集中することがないなどの特徴を有しており、社会保障の財源として活用され、社会保障給付という形で家計に還元されていることにも留意をする必要があります。,,,,v0
121905254X00720251208_035,3,消費税,自由民主党,政府,高市早苗,他方で、消費税は、税収が景気や人口構成の変化に左右されにくく安定している、現役世代などの特定の層に負担が集中することがないなどの特徴を有しており、社会保障の財源として活用され、社会保障給付という形で家計に還元されていることにも留意をする必要があります。,自民党と日本維新の会の連立合意書においては、飲食料品については、二年間に限り消費税の対象としないことも視野に、法制化につき検討を行うとされているように、消費税率の引下げについて、選択肢として排除するものではございません。,現在、内閣として最優先に取り組むべきことは、物価高対策であり、暮らしの安心を確実かつ迅速に届けることです。,,,,v0
121905254X00720251208_035,6,消費税,自由民主党,政府,高市早苗,また、インボイス制度につきましては、今の複数税率の下で、事業者が仕入れ税額控除において差し引く金額を正しく計算できるようにすることで、消費税の課税が適正に行われることを確保するために必要な仕組みとして導入されたものであり、廃止は考えておりません。,速やかに対応できる物価高対策などに優先して取り組み、できる限り早期に実施に移してまいります。,最低賃金の引上げについてお尋ねがありました。,,,,v0
121905254X00820251211_012,12,消費税,れいわ新選組,議員,八幡愛,しかし、今回の補正には、安倍政権が行ったような一律給付金もなく、総理が国家の品格とまで語った限定的な消費税の減税の検討すらもありません。一旦はやらないとたんかを切った給付金だって、結局、対象を限定して給付。どうせ配るなら、一律給付にすべきでしたよね。,今必要な積極財政とは、緊張を高める軍拡ではなく、赤ちゃんからお年寄りまで、この国に生まれてよかったと思える基盤づくりです。私たちは、軍拡や戦争ビジネスのための国債発行には反対しますけれども、人々の生活再建のための国債発行はためらうべきではないと考えております。,介護の賃上げは、原則一万円、最大一・九万円。僅か過ぎて、現場からは当然足りないという声が上がっていますよ。,,,,v0
121905254X00820251211_014,17,消費税,国民民主党,議員,田中健,税収増の背景は、物価高による消費税収と賃上げによる所得税収です。インフレ増税と言っていい状態が生じています。国はインフレで潤っています。であるならば、その増収分を、インフレで苦しむ家計に戻すのが筋ではないでしょうか。,二〇二五年の国税収入は、六年連続の過去最高、八十兆円を突破しました。当初見込みより税収が二・九兆円、税外収入が一兆円、不用額は一・二兆円、生み出された財源は合計で約五兆円にも上ります。これは、赤字国債を増やさずとも、年収の壁を百七十八万円に引き上げることも、年少扶養控除を復活させることも可能であることを意味します。,しかし、今回の減税規模は、国民民主党が提案をしたガソリン暫定税率廃止一・五兆円、年収の壁の見直し一・二兆円の合計二・七兆円にとどまります。それぞれ、ガソリンの暫定税率廃止は五十一年ぶり、年収の壁の見直しは三十一年ぶりの大英断であることは評価しつつも、なお政策余地があることははっきりと申し上げておきます。,,,,v0
121905254X00820251211_016,4,消費税,日本共産党,議員,田村貴昭,物価高騰に一番効果があり、国民が強く望むのは、消費税の負担引下げです。五％への減税とインボイス廃止こそ行うべきです。,重点支援地方交付金は、使途が限定され、事務は地方自治体に丸投げです。お米券の配付も、物価高騰の実勢に追いつかず、経費率も高く執行が遅れるなど、根本問題が残ったままです。,高市政権は最低賃金引上げ目標を投げ捨てました。しかし、憲法二十五条が保障する健康で文化的な最低限度の生活を営む上で、全国どこでも時給千五百円が必要です。中小企業に対する直接支援と併せて速やかに行うことを強く求めます。,,,,v0
121905254X00920251217_013,2,消費税,無所属,議長,額賀福志郎,次に、財務金融委員会から申出の飲食料品に係る消費税の税率を引き下げて零とする臨時特例の創設及び給付付き税額控除の導入に関する法律案、文部科学委員会から申出の障害者及びその家族に対する福祉、教育等に係る支援に関する施策の総合的な推進に関する法律案、厚生労働委員会から申出の特別児童扶養手当等の支給に関する法律の一部を改正する法律案、経済産業委員会から申出の令和七年に開催される国際博覧会の準備及び運営のために必要な特別措置に関する法律の一部を改正する法律案、政治改革に関する特別委員会から申出の政党等の政治資金の収入に関する制度の在り方に係る措置に関する法律案は、各委員会において閉会中審査をするに賛成の諸君の起立を求めます。,起立多数。よって、そのとおり決まりました。,,,,,v0
121915254X00320251105_005,22,消費税,自由民主党,議員,松山政司,これらに加えて、党の内外から、定額給付金、あるいは最低賃金引上げなどによる手取り増、食料品に係る消費税の減税、基礎控除の引上げ、給付付き税額控除、社会保険料軽減などの負担軽減策、さらに、ガソリンや軽油引取税の暫定税率の廃止など、様々な施策が提案されておりました。,これまで、政府・与党は、物価高に対して、低所得世帯向けの給付金やガソリン価格等の抑制、電気・ガス料金の支援、また重点支援地方交付金などの措置を講じてきました。,これらに対して、決断と前進を掲げる高市内閣は、既に所信の中で、ガソリン税や軽油引取税の暫定税率の早期廃止、電気・ガス料金の支援、重点支援交付金の拡充のほか、基礎控除の物価連動型の引上げ措置や、給付付き税額控除の制度設計についての議論等の着手に明言をしており、力強い限りであります。,,,,v0
121915254X00420251106_005,11,消費税,公明党,議員,西田実仁,総理の所信表明では、給付金は国民の皆様の御理解が得られなかったとして実施しないと断言されました。一方、各種メディアが選挙で民意を得たという消費税減税については何も語られませんでした。,第一の優先課題は、持続的な賃上げと経済成長の実現です。そして、当面何より重要なのは、庶民の家計の負担を軽減する即効性ある物価高対策です。,食料品価格の上昇は止まらず、生活者の体感物価が一〇％を超える中で、早急な支援は待ったなしです。しかし、今回の総理の所信には、給付はやらない、消費税減税は言及なし、給付付き税額控除は制度設計に着手、年収の壁は真摯に議論と述べるにとどまり、いずれもていのよい先送りです。,,,,v0
121915254X00420251106_005,12,消費税,公明党,議員,西田実仁,食料品価格の上昇は止まらず、生活者の体感物価が一〇％を超える中で、早急な支援は待ったなしです。しかし、今回の総理の所信には、給付はやらない、消費税減税は言及なし、給付付き税額控除は制度設計に着手、年収の壁は真摯に議論と述べるにとどまり、いずれもていのよい先送りです。,総理の所信表明では、給付金は国民の皆様の御理解が得られなかったとして実施しないと断言されました。一方、各種メディアが選挙で民意を得たという消費税減税については何も語られませんでした。,地方独自の支援策である重点支援地方交付金は、自治体ごとの準備や手続に差があり、物価高への即効性に欠けます。,,,,v0
121915254X00420251106_005,14,消費税,公明党,議員,西田実仁,連立を組む維新の会は、物価高対策として飲食料品の消費税二年間ゼロを掲げておられます。これは、一人当たり年間二万円から三万円程度の支援に当たり、現下の物価高対策にはその規模の支援が必要だということなのでしょう。しかし、減税は制度改正に時間が掛かります。,地方独自の支援策である重点支援地方交付金は、自治体ごとの準備や手続に差があり、物価高への即効性に欠けます。,そこで、実現までのつなぎとして、年間二万円から三万円程度の支援又は総理が所信でも触れられた電気・ガス料金を半額にするほどの支援が必要となりますが、後者の場合、明らかに地球温暖化対策に逆行をいたします。,,,,v0
121915254X00420251106_009,8,消費税,日本維新の会,議員,浅田均,いわゆる年収の壁も給付付き税額控除の導入により大幅に引き上げることができます。年二十万円を基本額として、年収二百万円までは二十万円を全額を給付、二百万円超から給付額を逓減し、三百万円で消失とすれば、例えば年収二百万円の場合は所得税がマイナスになり、給付がなされます。低所得層の社会保険料と消費税負担をかなりカバーできる上、課税最低限は大幅に上がります。課税最低限を引き上げるためにも給付付き税額控除の導入が有効だと思いますが、総理の御見解をお聞かせください。,総理の御判断で、今すぐにでも実現可能なこの簡易版給付付き税額控除の仕組みを始めるつもりはありませんか。総理のお考えをお聞かせください。,次に、総理が目指す強い経済について伺います。,,,,v0
121915254X00420251106_009,44,消費税,日本維新の会,議員,浅田均,国民の医療費負担を下げるため、医療機関も輸出企業と同様、消費税の還付対象としてはどうですか。現在は診療報酬を上げることで補填されていますが、その必要がなくなり、診療報酬を減額させることができます。総理の見解をお聞かせください。,また、その中で一番目に挙げられているＯＴＣ類似薬の保険適用見直しについて、セルフメディケーションを推進することで、薬剤費のみならず、これに伴う医療費全体の削減を実現するという政府の立場を明確にしていただきたい。併せて総理の決意のほどを伺います。,次に、ＡＩ、人工知能について質問します。,,,,v0
121915254X00420251106_010,27,消費税,自由民主党,政府,高市早苗,医療に係る消費税についてお尋ねがございました。,このほか、金融所得の反映などの応能負担の徹底、電子カルテを含む医療機関の電子化を通じた効率的で質の高い医療の実現などについて迅速に検討を進め、こうした社会保障制度改革を進めていく中で、現役世代の保険料負担の抑制につなげてまいります。,日本維新の会と自民党の連立政権合意では、医療機関における消費税負担の在り方も検討項目となっています。,,,,v0
121915254X00420251106_010,28,消費税,自由民主党,政府,高市早苗,日本維新の会と自民党の連立政権合意では、医療機関における消費税負担の在り方も検討項目となっています。,医療に係る消費税についてお尋ねがございました。,これまで社会保険診療は消費税が非課税とされており、医療機関等の仕入れに要する消費税の負担は診療報酬によって手当てを行っています。,,,,v0
121915254X00420251106_010,29,消費税,自由民主党,政府,高市早苗,これまで社会保険診療は消費税が非課税とされており、医療機関等の仕入れに要する消費税の負担は診療報酬によって手当てを行っています。,日本維新の会と自民党の連立政権合意では、医療機関における消費税負担の在り方も検討項目となっています。,医療機関を輸出企業のように消費税の還付対象とするということにつきましては、社会政策的な配慮に基づき消費税が非課税とされているほかのサービスへの影響などの課題について、更なる検討が必要になると考えております。,,,,v0
121915254X00420251106_010,30,消費税,自由民主党,政府,高市早苗,医療機関を輸出企業のように消費税の還付対象とするということにつきましては、社会政策的な配慮に基づき消費税が非課税とされているほかのサービスへの影響などの課題について、更なる検討が必要になると考えております。,これまで社会保険診療は消費税が非課税とされており、医療機関等の仕入れに要する消費税の負担は診療報酬によって手当てを行っています。,ＡＩと労働の関係性及びＡＩロボットについてのお尋ねがありました。,,,,v0
121915254X00420251106_012,18,消費税,参政党,議員,神谷宗幣,今必要なのは、経済の血流を良くし、物価高に負けない成長と賃上げを実現することです。その点で、日本経済の血流を最も止めていると考えられるのが消費税です。消費税は、利益の有無にかかわらず売上げの一部を国に納める第二法人税となっており、国内経済を支える中小企業を最も苦しめる税となっています。,物価高対策といっても、日本は長年のデフレで物価が低く、外国人が安い日本に押し寄せてきています。今後、経済が正常化すれば物価上昇は避けられず、小規模な減税や給付では国民生活の困窮は改善しないと考えます。,総理のおっしゃる強い経済、特に国内経済の再生には、消費税とインボイスの廃止こそ即効性が高く、最も効果的だと考えます。廃止すれば中小企業に資金が残り、賃上げが進み、個人消費が活性化します。,,,,v0
121915254X00420251106_012,19,消費税,参政党,議員,神谷宗幣,総理のおっしゃる強い経済、特に国内経済の再生には、消費税とインボイスの廃止こそ即効性が高く、最も効果的だと考えます。廃止すれば中小企業に資金が残り、賃上げが進み、個人消費が活性化します。,今必要なのは、経済の血流を良くし、物価高に負けない成長と賃上げを実現することです。その点で、日本経済の血流を最も止めていると考えられるのが消費税です。消費税は、利益の有無にかかわらず売上げの一部を国に納める第二法人税となっており、国内経済を支える中小企業を最も苦しめる税となっています。,それにもかかわらず、なぜ総理は消費税減税を避け、制度設計に時間を要する給付付き税額控除にかじを切ろうとされているのか。消費税の逆進性を補うどころか、更なる税率引上げを見据えているようにも見えます。その真意をお聞かせください。,,,,v0
121915254X00420251106_012,20,消費税,参政党,議員,神谷宗幣,それにもかかわらず、なぜ総理は消費税減税を避け、制度設計に時間を要する給付付き税額控除にかじを切ろうとされているのか。消費税の逆進性を補うどころか、更なる税率引上げを見据えているようにも見えます。その真意をお聞かせください。,総理のおっしゃる強い経済、特に国内経済の再生には、消費税とインボイスの廃止こそ即効性が高く、最も効果的だと考えます。廃止すれば中小企業に資金が残り、賃上げが進み、個人消費が活性化します。,減税の話をすると財源論が必ず出てきますが、税収は増えています。次年度の予算を一・二倍に増やそうとしている今、財源がないとは言えません。,,,,v0
121915254X00420251106_012,22,消費税,参政党,議員,神谷宗幣,政府は、消費税を廃止した場合の経済効果を試算すらしていません。なぜ消費税の廃止や減税を検討しないのか、総理の見解を伺います。,減税の話をすると財源論が必ず出てきますが、税収は増えています。次年度の予算を一・二倍に増やそうとしている今、財源がないとは言えません。,以下、反グローバリズムの観点から質問していきたいと思います。,,,,v0
121915254X00420251106_013,5,消費税,自由民主党,政府,高市早苗,消費税減税等についてお尋ねがございました。,お尋ねの減税につきましては、既に策定を指示しております三つの柱から成る経済対策においても、第一の柱としてガソリン税や軽油引取税の暫定税率の廃止などを内容とする生活の安全保障、物価高への対応を盛り込んでおり、こうした施策も組み合わせながら、国民の皆様のお手元に支援をお届けしたいと考えております。,内閣としましては、物価高対策としてすぐに対応できることをまず優先すべきと考えております。その上で、消費税率の引下げについては、これは連立政権合意にも、これ食料品の消費税率に限ってですが、二年間停止する、引き下げるということでこの検討が含まれておりますので、選択肢として排除しているものではございませんが、事業者のレジシステムの改修等に一定の期間が掛かるとの課題にも留意が必要だと考えております。,,,,v0
121915254X00420251106_013,6,消費税,自由民主党,政府,高市早苗,内閣としましては、物価高対策としてすぐに対応できることをまず優先すべきと考えております。その上で、消費税率の引下げについては、これは連立政権合意にも、これ食料品の消費税率に限ってですが、二年間停止する、引き下げるということでこの検討が含まれておりますので、選択肢として排除しているものではございませんが、事業者のレジシステムの改修等に一定の期間が掛かるとの課題にも留意が必要だと考えております。,消費税減税等についてお尋ねがございました。,なお、給付付き税額控除、これも実現までに一定の期間は掛かりますが、税、社会保険料負担で苦しむ中低所得者の負担を軽減し、所得に応じて手取りを増やすためのものでありますので、早期に制度設計に着手をしてまいります。,,,,v0
121915254X00420251106_023,8,消費税,日本共産党,議員,小池晃,日本経済が失われた三十年と呼ばれる長期停滞に陥ったのは、働く人の賃金が伸びず、個人消費が低迷し、企業の生産活動も停滞したからです。この状況で国民の購買力を更に奪ったのが度重なる消費税の増税です。これが国民生活を直撃し、景気の停滞を決定的にしました。総理にはそうした認識がありますか。,一方で、国民の実質賃金は抑えられ、格差の拡大と経済停滞を招きました。総理は、アベノミクスを引き継ぐのではなく、その誤りを認め、大企業、富裕層ではなく、国民の暮らし優先の政策へ方向転換すべきではありませんか。,ＧＤＰの半分以上を占める個人消費を温める最も強力で即効性のある政策が消費税の減税、廃止です。今年五月には総理も、食料品の税率をゼロ％にするというのは一つの考え方だと、消費税減税は検討に値するとの認識を示されました。ところが、所信表明演説では消費税減税について一言も触れず、今日も、物価高対策としては内閣としてすぐに対応できることを優先すると述べましたが、具体的にはどのような対応ですか。,,,,v0
121915254X00420251106_023,9,消費税,日本共産党,議員,小池晃,ＧＤＰの半分以上を占める個人消費を温める最も強力で即効性のある政策が消費税の減税、廃止です。今年五月には総理も、食料品の税率をゼロ％にするというのは一つの考え方だと、消費税減税は検討に値するとの認識を示されました。ところが、所信表明演説では消費税減税について一言も触れず、今日も、物価高対策としては内閣としてすぐに対応できることを優先すると述べましたが、具体的にはどのような対応ですか。,日本経済が失われた三十年と呼ばれる長期停滞に陥ったのは、働く人の賃金が伸びず、個人消費が低迷し、企業の生産活動も停滞したからです。この状況で国民の購買力を更に奪ったのが度重なる消費税の増税です。これが国民生活を直撃し、景気の停滞を決定的にしました。総理にはそうした認識がありますか。,我が党は当面一律五％に減税すべきと考えますが、消費減税より有効な物価高対策があるなら、具体的に示していただきたい。,,,,v0
121915254X00420251106_023,11,消費税,日本共産党,議員,小池晃,インボイス制度を考えるフリーランスの会の調査では、インボイス登録事業者の四割超が消費税を所得や貯蓄から捻出し、一割超は借金して支払っています。政府は円滑な価格転嫁をなどと言いますが、取引排除や一方的な値下げが進み、価格転嫁などできていません。来年十月に軽減措置をなくせば、その困難は一層拡大、甚大となります。小規模事業者、フリーランスを守るためにも、インボイス制度は廃止すべきではありませんか。明確にお答えください。,我が党は当面一律五％に減税すべきと考えますが、消費減税より有効な物価高対策があるなら、具体的に示していただきたい。,自民党は二〇二二年の与党税制大綱で、安倍政権下の法人税減税が賃上げ、投資のために意図した効果を上げてこなかったと指摘しました。総理も同様の認識ですか。,,,,v0
121915254X00420251106_024,14,消費税,自由民主党,政府,高市早苗,我が国の経済につきましては、一九九〇年代のバブル崩壊以降、低い経済成長と長引くデフレにより、企業は賃金を抑制し、消費者も将来不安などから消費を抑制し、結果として、需要が低迷しデフレが加速するという悪循環が生じたものと認識しております。消費税だけを切り出して、いわゆる失われた三十年の原因について論じるということは適当ではないと考えております。,いわゆる失われた三十年についてお尋ねがございました。,また、消費税は、納税者の皆様に御負担をいただく一方で、福祉目的化されて以降、社会保障給付という形で家計に還元されているということにも十分留意する必要があると考えております。,,,,v0
121915254X00420251106_024,15,消費税,自由民主党,政府,高市早苗,また、消費税は、納税者の皆様に御負担をいただく一方で、福祉目的化されて以降、社会保障給付という形で家計に還元されているということにも十分留意する必要があると考えております。,我が国の経済につきましては、一九九〇年代のバブル崩壊以降、低い経済成長と長引くデフレにより、企業は賃金を抑制し、消費者も将来不安などから消費を抑制し、結果として、需要が低迷しデフレが加速するという悪循環が生じたものと認識しております。消費税だけを切り出して、いわゆる失われた三十年の原因について論じるということは適当ではないと考えております。,いずれにしましても、高市内閣では、責任ある積極財政の考え方の下、戦略的に財政出動することにより、不安を希望に変える強い経済をつくってまいります。,,,,v0
121915254X00420251106_024,21,消費税,自由民主党,政府,高市早苗,消費税のインボイス制度についてお尋ねがございました。,加えて、所信表明演説でお示ししましたいわゆるガソリン税、軽油引取税の暫定税率の廃止、寒さの厳しい冬の間の電気・ガス料金の支援、地域のニーズにきめ細やかに対応する重点支援地方交付金の拡充、これは、困窮されている御家庭に対して地方から支援をしていただいてもいいという内容のものです。そして、医療機関や介護施設の賃上げや経営改善支援といった様々な施策も含め、策定中の経済対策に盛り込むことといたしております。,インボイス制度については、今の複数税率の下では、事業者が仕入れ税額控除において差し引く金額を正しく計算できるようにすることで、消費税の課税が適正に行われることを確保するために必要であると考えております。,,,,v0
121915254X00420251106_024,22,消費税,自由民主党,政府,高市早苗,インボイス制度については、今の複数税率の下では、事業者が仕入れ税額控除において差し引く金額を正しく計算できるようにすることで、消費税の課税が適正に行われることを確保するために必要であると考えております。,消費税のインボイス制度についてお尋ねがございました。,法人税等についてお尋ねがありました。,,,,v0
121915254X00420251106_026,21,消費税,れいわ新選組,議員,山本太郎,三十年に及ぶ不況、そのＡ級戦犯が消費税の増税。政調会長や総務大臣の立場からも、消費税増税を強力に支持、推進、積極推進してきたのが高市さんです。総理は、失われた三十年を四十年にしないという気概がありますか。高市政権にはそのための施策が見当たりません。,総理、郵政を守ると御発言されています。どう守りますか。,先進国ただ一つ三十年不況が続く国、日本。コロナから立ち直る前に物価高にも直面。国民は三重苦の状態。六割の国民が生活が苦しく、年間で中小企業など一万件以上が倒産。そのうち八割は不況型の倒産。,,,,v0
121915254X00420251106_026,24,消費税,れいわ新選組,議員,山本太郎,消費税減税と一律現金給付、この方がずっと早期に実施でき、確実に経済成長しますよ。レジが、エンジニアがと意味不明な言い訳をやめて、さっさと減税と給付金で国民救ってもらっていいですか。総理、やりますか、やりませんか。,総理は、税、社会保険料負担で苦しむ中低所得者の負担を軽減し、所得に応じて手取りが増えるよう、早期に給付付き税額控除の制度設計に着手すると発言。導入されるまでに掛かる時間は。総理御自身が数年単位掛かるものと発言し、税の専門家によっては三年は掛かると指摘。財務省さえ明確に期間は分からないと回答。危機感もスピード感もない実質の空手形。,永田町では、野党による消費税減税やるやる詐欺が吹き荒れた。,,,,v0
121915254X00420251106_026,25,消費税,れいわ新選組,議員,山本太郎,永田町では、野党による消費税減税やるやる詐欺が吹き荒れた。,消費税減税と一律現金給付、この方がずっと早期に実施でき、確実に経済成長しますよ。レジが、エンジニアがと意味不明な言い訳をやめて、さっさと減税と給付金で国民救ってもらっていいですか。総理、やりますか、やりませんか。,昨年十月、大躍進した国民民主党、そこから今年六月の通常国会閉会まで百九十日間も国会が開かれたが、国民民主の議員が国会で消費減税の必要性を政府に求めたのは、たった二回。ちなみに、れいわ新選組は四十五回。議席数も質疑時間もずうっと私たちより多いのに、やる気出してもらっていいですか。,,,,v0
121915254X00420251106_026,27,消費税,れいわ新選組,議員,山本太郎,そして、維新。連立入りする直前、テレビ番組で吉村代表は消費税減税も連立の重要条件と掲げたが、数日後、連立入りが決まると、藤田共同代表は消費税について事実上先送りになったと手のひら返し。,昨年十月、大躍進した国民民主党、そこから今年六月の通常国会閉会まで百九十日間も国会が開かれたが、国民民主の議員が国会で消費減税の必要性を政府に求めたのは、たった二回。ちなみに、れいわ新選組は四十五回。議席数も質疑時間もずうっと私たちより多いのに、やる気出してもらっていいですか。,参政党に至っては、消費税廃止の財源は四十兆円の医療費を半分にすればいいと代表が発言。消費税が下がっても、あなたの大切な人が殺される。お話になりません。,,,,v0
121915254X00420251106_026,28,消費税,れいわ新選組,議員,山本太郎,参政党に至っては、消費税廃止の財源は四十兆円の医療費を半分にすればいいと代表が発言。消費税が下がっても、あなたの大切な人が殺される。お話になりません。,そして、維新。連立入りする直前、テレビ番組で吉村代表は消費税減税も連立の重要条件と掲げたが、数日後、連立入りが決まると、藤田共同代表は消費税について事実上先送りになったと手のひら返し。,昔は消費税廃止、その後、手のひら返し、消費税増税に加担し続けた公明党。これまで長きにわたり自民党による日本の破壊をサポートしてきたことは仏罰が下るレベル。心を入れ替え、消費税廃止、減税を一緒にやってください。,,,,v0
121915254X00420251106_026,29,消費税,れいわ新選組,議員,山本太郎,昔は消費税廃止、その後、手のひら返し、消費税増税に加担し続けた公明党。これまで長きにわたり自民党による日本の破壊をサポートしてきたことは仏罰が下るレベル。心を入れ替え、消費税廃止、減税を一緒にやってください。,参政党に至っては、消費税廃止の財源は四十兆円の医療費を半分にすればいいと代表が発言。消費税が下がっても、あなたの大切な人が殺される。お話になりません。,国民の皆さん、何回だまされたら気が付きますか。消費税廃止、減税を確実にやるためには、国会内唯一のガチ勢、れいわ新選組一択です。うそつき政治屋をしばきまくる、れいわ新選組に力を与えてください。あなたが生きているだけで価値がある国を一緒につくりましょう。何があっても心配するな、そんな国をれいわ新選組と一緒につくりましょう。,,,,v0
121915254X00420251106_026,30,消費税,れいわ新選組,議員,山本太郎,国民の皆さん、何回だまされたら気が付きますか。消費税廃止、減税を確実にやるためには、国会内唯一のガチ勢、れいわ新選組一択です。うそつき政治屋をしばきまくる、れいわ新選組に力を与えてください。あなたが生きているだけで価値がある国を一緒につくりましょう。何があっても心配するな、そんな国をれいわ新選組と一緒につくりましょう。,昔は消費税廃止、その後、手のひら返し、消費税増税に加担し続けた公明党。これまで長きにわたり自民党による日本の破壊をサポートしてきたことは仏罰が下るレベル。心を入れ替え、消費税廃止、減税を一緒にやってください。,財源はどうする。当然、国債発行です。国債発行により消費税を減税、それによって経済は成長。経済成長こそが財源。今すぐ消費税を減税。,,,,v0
121915254X00420251106_026,31,消費税,れいわ新選組,議員,山本太郎,財源はどうする。当然、国債発行です。国債発行により消費税を減税、それによって経済は成長。経済成長こそが財源。今すぐ消費税を減税。,国民の皆さん、何回だまされたら気が付きますか。消費税廃止、減税を確実にやるためには、国会内唯一のガチ勢、れいわ新選組一択です。うそつき政治屋をしばきまくる、れいわ新選組に力を与えてください。あなたが生きているだけで価値がある国を一緒につくりましょう。何があっても心配するな、そんな国をれいわ新選組と一緒につくりましょう。,日本を復活させるという高市総理、どうか勇気を持って一歩踏み出していただきたい。れいわ新選組からの心からのお願いでございました。そして、一緒にやっていきましょう。,,,,v0
121915254X00420251106_027,20,消費税,自由民主党,政府,高市早苗,消費税率の引下げにつきましても、これも先般も答弁をいたしましたけれども、選択肢として排除したものではなく、自民党と日本維新の会の連立合意において検討課題になっております。,内閣として最優先でまず取り組むことは、物価高対策であります。暮らしの安心を確実かつ迅速に届ける必要がございます。,現金給付につきましては、何度もおっしゃっていただきましたけれども、いたしません。,,,,v0
121915254X00620251201_020,19,消費税,参政党,議員,松田学,最後に、現役世代の負担軽減から、負担軽減という観点からは、日本の個人金融資産の大半を高齢者が保有しているという点に着目しまして、医療の財源を社会保険料や消費税といった国民負担のみならず、資産を持てる高齢者が自らの選択で喜んでお金を医療に投入する、そういう仕組みを構築することが考えられるのではないかと思います。金融資産は天国には持っていけません。,今般の法改正における電子カルテの普及自体は医療の効率化の上で望ましいと考えますが、他方で、これを感染症対策にも活用すると伺っております。医療ＤＸ化がパンデミック時における個々の国民の監視とか行動の自由の制限につながることがないか、この点について大臣の所見を伺いたいと思います。,例えば、混合診療の拡大で自由診療部分に追加的なサービスを付加する、あるいはアメリカのように自らの思い入れに応じたドネーションを促進する、それで医療側に得られた収入を中低所得者の医療の充実に回すといったことで、現在の現役世代に負担を求めている世代間相互扶助の考え方を、持てる高齢者と持たざる高齢者との間の世代内相互扶助へと少しでもシフトさせられるのではないかと思いますが、大臣はこうした考え方についてどうお考えでしょうか。,,,,v0
121915254X00720251203_009,24,消費税,立憲民主党,議員,吉田忠智,一方で、国民生活の困難さを考慮すれば、食料品の消費税をゼロにすべきという国民的議論も踏まえ、低所得者への配慮も欠かせません。,財政規律を回復させ、今後増大する行政需要に対処するためには、税収を確保するための抜本的な税制改革の議論が不可欠です。私たちの基本認識では、富裕層が増えている現状を踏まえ、所得税の保護税率、最高税率の見直しや金融所得課税の見直しを検討すべきであるという指摘があります。また、議論の俎上に上っている租税特別措置の見直しや法人税率の引上げ等についても真剣に議論すべきです。,こうした状況を踏まえ、高市総理は、所得税や金融所得課税の在り方、法人税の税率についてどのような見解を持っていますか。また、与野党の垣根を越えた抜本的な税制改革の協議会を設置し、将来を見据えた時代に合わせた税制を確立すべきと考えますが、総理の見解を伺います。,,,,v0
121915254X00720251203_014,8,消費税,国民民主党,議員,竹詰仁,最近の税務行政は、経済取引のデジタル化やグローバル化の市場拡大に伴い、調査、徴収が複雑化し、困難さが増しています。また、消費税と法人税の滞納額が急増しており、令和六年度の新規発生滞納額は九千九百二十五億円でした。国税職員が諸課題に的確に対応し、適正、公平な税務、課税及び徴収を実現するには、国税職員の確保と消費税や国際税務の専門官などが必要です。,会計検査院の令和六年度決算検査報告では、不適切が疑われる指摘金額として五百四十億円が報告されました。今後、決算の省庁別審査なども行われますが、財務、決算を主管する大臣として、会計検査院の指摘をどのように受け止め、また、各省庁にどのように指導していくのか、財務大臣に伺います。,税収が増える一方で滞納額も増加している現状を踏まえ、徴収体制強化について財務大臣の御見解を伺います。,,,,v0
121915254X00720251203_034,17,消費税,参政党,議員,安藤裕,次に、消費税について伺います。,積極財政を標榜する高市政権としては、この状況を改善するために、地方交付税の算定基準を見直して、公務員の増員や正規化、地方独自のインフラ整備を行うための地方交付税の大幅な増額を行う必要があると考えますが、総理のお考えをお伺いいたします。,消費税について、財務省は、消費税の納税義務者は事業者であり、事業者の売上げに課税する税であるが、事業者が価格に転嫁することによって、つまり値上げすることによって、最終的には消費者が負担することが予定されている税であり、消費者が負担し事業者が納付する間接税であると説明をしてきました。しかし、三十年にも及ぶ不景気で国民が貧困化していく中で、全ての事業者が財務省が予定するとおりに値上げできる状況ではありません。,,,,v0
121915254X00720251203_034,18,消費税,参政党,議員,安藤裕,消費税について、財務省は、消費税の納税義務者は事業者であり、事業者の売上げに課税する税であるが、事業者が価格に転嫁することによって、つまり値上げすることによって、最終的には消費者が負担することが予定されている税であり、消費者が負担し事業者が納付する間接税であると説明をしてきました。しかし、三十年にも及ぶ不景気で国民が貧困化していく中で、全ての事業者が財務省が予定するとおりに値上げできる状況ではありません。,次に、消費税について伺います。,それでは、財務省の予定するとおりに値上げできなければどのようなことが起こるのか。,,,,v0
121915254X00720251203_034,20,消費税,参政党,議員,安藤裕,値上げできなければ、消費税を消費者から預かっていないので納税しなくていいのかといえば、そんなことはありません。消費税法には、売上げの一〇％からインボイスのある経費の一〇％だけを差し引いて残りを納税せよとしか書いてありません。どんなに高く売ろうが、どんなに安く売ろうが、とにかく売上げの一〇％を納税せよと規定されているのが消費税です。,それでは、財務省の予定するとおりに値上げできなければどのようなことが起こるのか。,経費の全部を差し引くことが認められていないので、赤字の事業者にも納税額が発生します。価格交渉力の弱い事業者や競争の激しい業界では、事業者が自らの利益を削って、場合によっては赤字でも納税させられているのが消費税の実態です。消費税とは、間接税ではなく、事業者に課せられた直接税であるというべきものなのです。,,,,v0
121915254X00720251203_034,21,消費税,参政党,議員,安藤裕,経費の全部を差し引くことが認められていないので、赤字の事業者にも納税額が発生します。価格交渉力の弱い事業者や競争の激しい業界では、事業者が自らの利益を削って、場合によっては赤字でも納税させられているのが消費税の実態です。消費税とは、間接税ではなく、事業者に課せられた直接税であるというべきものなのです。,値上げできなければ、消費税を消費者から預かっていないので納税しなくていいのかといえば、そんなことはありません。消費税法には、売上げの一〇％からインボイスのある経費の一〇％だけを差し引いて残りを納税せよとしか書いてありません。どんなに高く売ろうが、どんなに安く売ろうが、とにかく売上げの一〇％を納税せよと規定されているのが消費税です。,このような税制ですから、滞納が多いのは当然です。国税の中で滞納が最も多いのが消費税。消費税の新規滞納発生額は、令和四年度が三千六百三十億円、令和五年度が四千三百八十三億円、令和六年度が五千二百九十八億円と、年々増加しています。,,,,v0
121915254X00720251203_034,22,消費税,参政党,議員,安藤裕,このような税制ですから、滞納が多いのは当然です。国税の中で滞納が最も多いのが消費税。消費税の新規滞納発生額は、令和四年度が三千六百三十億円、令和五年度が四千三百八十三億円、令和六年度が五千二百九十八億円と、年々増加しています。,経費の全部を差し引くことが認められていないので、赤字の事業者にも納税額が発生します。価格交渉力の弱い事業者や競争の激しい業界では、事業者が自らの利益を削って、場合によっては赤字でも納税させられているのが消費税の実態です。消費税とは、間接税ではなく、事業者に課せられた直接税であるというべきものなのです。,これは、事業者が消費者から預かった消費税を使い込んでしまったというものではなく、元々値上げができず経営が苦しいところに、赤字でも税額が発生する消費税の納税負担に耐えられない事業者が多数いることの表れです。,,,,v0
121915254X00720251203_034,23,消費税,参政党,議員,安藤裕,これは、事業者が消費者から預かった消費税を使い込んでしまったというものではなく、元々値上げができず経営が苦しいところに、赤字でも税額が発生する消費税の納税負担に耐えられない事業者が多数いることの表れです。,このような税制ですから、滞納が多いのは当然です。国税の中で滞納が最も多いのが消費税。消費税の新規滞納発生額は、令和四年度が三千六百三十億円、令和五年度が四千三百八十三億円、令和六年度が五千二百九十八億円と、年々増加しています。,滞納額が増えている背景には、不景気であることに加えて、インボイス制度を導入したことにより、価格転嫁のできない小規模事業者に納税を強いていることも指摘しておかなくてはなりません。消費税が倒産や廃業を誘発する大きな要因であることは疑いようのない事実です。,,,,v0
121915254X00720251203_034,24,消費税,参政党,議員,安藤裕,滞納額が増えている背景には、不景気であることに加えて、インボイス制度を導入したことにより、価格転嫁のできない小規模事業者に納税を強いていることも指摘しておかなくてはなりません。消費税が倒産や廃業を誘発する大きな要因であることは疑いようのない事実です。,これは、事業者が消費者から預かった消費税を使い込んでしまったというものではなく、元々値上げができず経営が苦しいところに、赤字でも税額が発生する消費税の納税負担に耐えられない事業者が多数いることの表れです。,また、昨今の政治課題に賃上げ推進というものがあります。利益に課税している法人税は、賃上げすると利益が減るので、自動的に納税額が減ります。法人税は賃上げに協力的な税です。,,,,v0
121915254X00720251203_034,26,消費税,参政党,議員,安藤裕,しかし、消費税は、賃上げして利益が減っても納税額は変わらない。つまり、事業者は、賃上げする前に消費税の納税資金を確保しなくてはならず、賃上げしたくてもできません。消費税とは賃上げ妨害税なのです。賃上げを妨害し、赤字の事業者に納税を強いるという応能負担の原則に反する消費税は、欠陥税制であると言わざるを得ません。,また、昨今の政治課題に賃上げ推進というものがあります。利益に課税している法人税は、賃上げすると利益が減るので、自動的に納税額が減ります。法人税は賃上げに協力的な税です。,これらの現状から見て、消費税は廃止するしかないと考えますが、総理のお考えをお伺いいたします。,,,,v0
121915254X00720251203_034,27,消費税,参政党,議員,安藤裕,これらの現状から見て、消費税は廃止するしかないと考えますが、総理のお考えをお伺いいたします。,しかし、消費税は、賃上げして利益が減っても納税額は変わらない。つまり、事業者は、賃上げする前に消費税の納税資金を確保しなくてはならず、賃上げしたくてもできません。消費税とは賃上げ妨害税なのです。賃上げを妨害し、赤字の事業者に納税を強いるという応能負担の原則に反する消費税は、欠陥税制であると言わざるを得ません。,最後に、先日の予算委員会の質疑の中で、財務大臣から、消費税について、滞納対策として毎月納付あるいは二月納付を検討しているという答弁がありました。,,,,v0
121915254X00720251203_034,28,消費税,参政党,議員,安藤裕,最後に、先日の予算委員会の質疑の中で、財務大臣から、消費税について、滞納対策として毎月納付あるいは二月納付を検討しているという答弁がありました。,これらの現状から見て、消費税は廃止するしかないと考えますが、総理のお考えをお伺いいたします。,毎月納付のために事業者が価格転嫁しようとすれば、物価を引き上げることとなり、今課題となっている物価高対策に逆行します。また、赤字でも納税させられる欠陥税制のまま毎月納付を進めれば、事業者は運転資金が枯渇し、倒産が早まるだけです。,,,,v0
121915254X00720251203_035,12,消費税,自由民主党,政府,高市早苗,消費税についてお尋ねがございました。,今後も、自治体が地域の実情に応じた課題にしっかりと取り組んでいけるよう、自治体の声を踏まえつつ、必要な一般財源総額や地方交付税総額を確保してまいります。,消費税は、事業者が事業として行う資産の譲渡等への対価を課税対象としており、賃金はこれに当たらないことから、消費税の課税対象とされておりません。このため、そもそも消費税が課されない賃金については、課税の累積を排除するために仕入れ税額控除を対象とする必要がありません。事業者が賃金の支払額を増やしても消費税額が変化しないのはこうした理由によるものであり、消費税が賃上げを阻害する税であるとの御指摘は当たらないと考えております。,,,,v0
121915254X00720251203_035,13,消費税,自由民主党,政府,高市早苗,消費税は、事業者が事業として行う資産の譲渡等への対価を課税対象としており、賃金はこれに当たらないことから、消費税の課税対象とされておりません。このため、そもそも消費税が課されない賃金については、課税の累積を排除するために仕入れ税額控除を対象とする必要がありません。事業者が賃金の支払額を増やしても消費税額が変化しないのはこうした理由によるものであり、消費税が賃上げを阻害する税であるとの御指摘は当たらないと考えております。,消費税についてお尋ねがございました。,また、消費税は、消費に担税力を認めて課されるものであり、多額の消費を行う消費者ほど担税力があるものとして多くの消費税を御負担いただく仕組みとなっていますので、担税力に応じた税負担の配分を意味する応能負担の原則は損なわれていないと考えております。,,,,v0
121915254X00720251203_035,14,消費税,自由民主党,政府,高市早苗,また、消費税は、消費に担税力を認めて課されるものであり、多額の消費を行う消費者ほど担税力があるものとして多くの消費税を御負担いただく仕組みとなっていますので、担税力に応じた税負担の配分を意味する応能負担の原則は損なわれていないと考えております。,消費税は、事業者が事業として行う資産の譲渡等への対価を課税対象としており、賃金はこれに当たらないことから、消費税の課税対象とされておりません。このため、そもそも消費税が課されない賃金については、課税の累積を排除するために仕入れ税額控除を対象とする必要がありません。事業者が賃金の支払額を増やしても消費税額が変化しないのはこうした理由によるものであり、消費税が賃上げを阻害する税であるとの御指摘は当たらないと考えております。,いずれにしましても、消費税につきましては、社会保障の財源として活用され、社会保障給付という形で家計に還元されており、これを廃止した場合、年金、医療、介護、少子化対策という国民の皆様の暮らしに深く関わる行政サービスにも影響が出かねないことに留意する必要があると考えております。,,,,v0
121915254X00720251203_035,15,消費税,自由民主党,政府,高市早苗,いずれにしましても、消費税につきましては、社会保障の財源として活用され、社会保障給付という形で家計に還元されており、これを廃止した場合、年金、医療、介護、少子化対策という国民の皆様の暮らしに深く関わる行政サービスにも影響が出かねないことに留意する必要があると考えております。,また、消費税は、消費に担税力を認めて課されるものであり、多額の消費を行う消費者ほど担税力があるものとして多くの消費税を御負担いただく仕組みとなっていますので、担税力に応じた税負担の配分を意味する応能負担の原則は損なわれていないと考えております。,,,,,v0
121915254X00720251203_036,1,消費税,自由民主党,政府,片山さつき,安藤議員から、消費税についてお尋ねがありました。,,私が十一月十四日の参議院予算委員会で行いました答弁は、消費税を毎月納付する事業者の範囲を拡大すべきではないかという御意見が税理士関係の団体から出ていることを御紹介したものでございまして、その上で、消費税の中間申告制度は、消費税創設時に年一回の中間申告義務として導入されて以降、この消費者の方が、方々が支払った消費税が事業者の運転資金等に流用され滞納となることを防止する観点から、事業者の事務の御負担等にも十分留意をしつつ、申告、納税の回数を増やす見直しを随時行われてきたというところでございます。,,,,v0
121915254X00720251203_036,2,消費税,自由民主党,政府,片山さつき,私が十一月十四日の参議院予算委員会で行いました答弁は、消費税を毎月納付する事業者の範囲を拡大すべきではないかという御意見が税理士関係の団体から出ていることを御紹介したものでございまして、その上で、消費税の中間申告制度は、消費税創設時に年一回の中間申告義務として導入されて以降、この消費者の方が、方々が支払った消費税が事業者の運転資金等に流用され滞納となることを防止する観点から、事業者の事務の御負担等にも十分留意をしつつ、申告、納税の回数を増やす見直しを随時行われてきたというところでございます。,安藤議員から、消費税についてお尋ねがありました。,消費税が消費者からの預り金的性格を有することを踏まえると、滞納の未然防止に取り組むことは非常に重要ですが、毎月納付が必要となる事業者の範囲を拡大するかどうか、することにつきましては、事業者の事務の御負担等にも十分配慮しながら、とにかく丁寧に丁寧に調整、検討していくような事柄であると考えております。（拍手）,,,,v0
121915254X00720251203_036,3,消費税,自由民主党,政府,片山さつき,消費税が消費者からの預り金的性格を有することを踏まえると、滞納の未然防止に取り組むことは非常に重要ですが、毎月納付が必要となる事業者の範囲を拡大するかどうか、することにつきましては、事業者の事務の御負担等にも十分配慮しながら、とにかく丁寧に丁寧に調整、検討していくような事柄であると考えております。（拍手）,私が十一月十四日の参議院予算委員会で行いました答弁は、消費税を毎月納付する事業者の範囲を拡大すべきではないかという御意見が税理士関係の団体から出ていることを御紹介したものでございまして、その上で、消費税の中間申告制度は、消費税創設時に年一回の中間申告義務として導入されて以降、この消費者の方が、方々が支払った消費税が事業者の運転資金等に流用され滞納となることを防止する観点から、事業者の事務の御負担等にも十分留意をしつつ、申告、納税の回数を増やす見直しを随時行われてきたというところでございます。,,,,,v0
121915254X00720251203_038,2,消費税,日本共産党,議員,吉良よし子,本決算での税収は、七十五・二兆円と過去最大となりました。しかし、その内訳は、消費税が二十五兆円もあるのに対し、所得税二十一・二兆円、法人税十七・九兆円と、所得の少ない人ほど重い負担となる消費税が税収の大半を占め、もうかっている大企業と富裕層は優遇されています。不公正な税制により、所得再分配の機能が破壊され、格差が広がっているのではありませんか。,私は、会派を代表し、二〇二四年度決算について総理に質問をいたします。,格差を正し、物価高騰から庶民の暮らしを守るため、大企業と富裕層への優遇税制を見直し、緊急に消費税を減税し、インボイスは撤廃すべきではありませんか。,,,,v0
121915254X00720251203_038,3,消費税,日本共産党,議員,吉良よし子,格差を正し、物価高騰から庶民の暮らしを守るため、大企業と富裕層への優遇税制を見直し、緊急に消費税を減税し、インボイスは撤廃すべきではありませんか。,本決算での税収は、七十五・二兆円と過去最大となりました。しかし、その内訳は、消費税が二十五兆円もあるのに対し、所得税二十一・二兆円、法人税十七・九兆円と、所得の少ない人ほど重い負担となる消費税が税収の大半を占め、もうかっている大企業と富裕層は優遇されています。不公正な税制により、所得再分配の機能が破壊され、格差が広がっているのではありませんか。,また、安保三文書に基づく大軍拡が始まって二年目となった本決算において、防衛関係費は、防衛力強化資金への繰入れを除き八兆五千三百二億円、前年度から二兆四千二十五億円も増となりました。敵基地攻撃能力を持ち、日米同盟強化へとひた走っていることは大問題です。,,,,v0
121915254X00720251203_039,5,消費税,自由民主党,政府,高市早苗,なお、消費税率の引下げについては、選択肢として排除するものではありませんが、内閣として最優先に取り組むべきことは、物価高対策であり、暮らしの安心を確実かつ迅速に届けることでございます。,法人税や所得税の在り方については、今後とも、応能負担の原則等も踏まえながら検討してまいります。,消費税率の引下げについては、大手事業者の関連システムの改修等に一年以上掛かるとの課題があり、物価高対策として迅速性を欠く面があることに留意が必要と考えます。,,,,v0
121915254X00720251203_039,6,消費税,自由民主党,政府,高市早苗,消費税率の引下げについては、大手事業者の関連システムの改修等に一年以上掛かるとの課題があり、物価高対策として迅速性を欠く面があることに留意が必要と考えます。,なお、消費税率の引下げについては、選択肢として排除するものではありませんが、内閣として最優先に取り組むべきことは、物価高対策であり、暮らしの安心を確実かつ迅速に届けることでございます。,インボイス制度につきましては、今の複数税率の下では、事業者が仕入れ税額控除において差し引く金額を正しく計算できるようにすることで消費税の課税が適正に行われることを確保するために必要な仕組みであると考えております。,,,,v0
121915254X00720251203_039,7,消費税,自由民主党,政府,高市早苗,インボイス制度につきましては、今の複数税率の下では、事業者が仕入れ税額控除において差し引く金額を正しく計算できるようにすることで消費税の課税が適正に行われることを確保するために必要な仕組みであると考えております。,消費税率の引下げについては、大手事業者の関連システムの改修等に一年以上掛かるとの課題があり、物価高対策として迅速性を欠く面があることに留意が必要と考えます。,防衛費の増額についてお尋ねがありました。,,,,v0
121915254X00720251203_041,12,消費税,れいわ新選組,議員,木村英子,生活に困窮している多くの人たちの苦しみに更に追い打ちを掛けているのが消費税です。社会的に弱い立場に置かれている人たちが安心して生きられるように、消費税の廃止を総理に求めます。,その上で、生活保護利用者全員の保護費の引下げ額の全額補償を要求します。高市総理の見解を求めます。,以上で質問を終わります。,,,,v0
121915254X00720251203_042,11,消費税,自由民主党,政府,高市早苗,消費税についてお尋ねがありました。,追加給付を行う結果となったことについて、広く国民の皆様におわびを申し上げるとともに、原告の皆様を含め、対象となる方々に丁寧に対応してまいります。,消費税については、社会保障の財源として活用され、社会保障給付という形で家計に還元されており、これを廃止した場合、年金、医療、介護、少子化対策という国民の皆様の暮らしに深く関わる行政サービスにも影響が出かねないことに留意する必要があり、廃止することは不適切と考えております。,,,,v0
121915254X00720251203_042,12,消費税,自由民主党,政府,高市早苗,消費税については、社会保障の財源として活用され、社会保障給付という形で家計に還元されており、これを廃止した場合、年金、医療、介護、少子化対策という国民の皆様の暮らしに深く関わる行政サービスにも影響が出かねないことに留意する必要があり、廃止することは不適切と考えております。,消費税についてお尋ねがありました。,現在、内閣として最優先に取り組むべきことは、物価高対策であり、暮らしの安心を確実かつ迅速に届けることです。速やかに対応できる物価高対策などに優先して取り組み、できる限り早期に実施に移してまいります。,,,,v0
121915254X00920251208_004,29,消費税,立憲民主党,議員,石垣のりこ,財源の確保を宙に浮かせたまま、例えば野党側が提案する消費税減税については財源、財源、財源と指摘するのですから、その財源を握り、捻出の方法にたけた政府が財源をどうするかの決定を先延ばしにして防衛費倍増を前倒しするのは、責任ある積極財政などと聞いてあきれる無責任極まりない破綻財政と言わざるを得ません。,防衛費倍増を決めた令和五年、五年間で四十三兆円を捻出する財源として、当初、増税を防衛財源の柱とする案が示されていました。その案をうやむやにしたままで、結局は赤字国債の発行で賄うことをよしとするのであれば、最初からそのように説明して防衛費倍増の是非を問うべきだったのではないですか。,防衛費二％に充てる分の法人税の上乗せ、たばこ税の引上げ、また東日本大震災復興特別所得税二・一％のうち一％を充てるといった方針に変わりはないのでしょうか。令和九年度から所得税を増税して財源に充てると報じられていますが、総理、真偽も含めて御答弁をお願いいたします。,,,,v0
121915254X00920251208_004,36,消費税,立憲民主党,議員,石垣のりこ,次に、消費税減税についてお尋ねします。,さらに、使用期限内に使ってしまおうと買いだめに走り、家庭内備蓄が増え、結果として米の需給バランスに影響を及ぼす可能性も否定できないと考えますが、以上三点に関して農林水産大臣の見解を伺います。,物価高の中でも、お米を始め食料品の高騰が家計を直撃しています。二〇二四年は、二人以上の世帯でエンゲル係数が過去四十三年間で最高域となる二八・三％まで上昇し、生活費に占める食品の負担が大きくなっていることが示されました。,,,,v0
121915254X00920251208_004,38,消費税,立憲民主党,議員,石垣のりこ,我々立憲民主党は、食料品の消費税ゼロを実現すべく、衆議院で法案を提出しています。,物価高の中でも、お米を始め食料品の高騰が家計を直撃しています。二〇二四年は、二人以上の世帯でエンゲル係数が過去四十三年間で最高域となる二八・三％まで上昇し、生活費に占める食品の負担が大きくなっていることが示されました。,高市総理は、先週の令和六年度決算に関する本会議で消費税に関して、消費税は、消費に担税力を認めて課されるものであり、多額の消費を行う消費者ほど担税力があるものとして多くの消費税を御負担いただく仕組みとなっていますので、担税力に応じた税負担の配分を意味する税の応能負担の原則は損なわれていないと考えておりますと答弁されていますが、担税力があるから多額の消費をするとは限らないのではないでしょうか。,,,,v0
121915254X00920251208_004,39,消費税,立憲民主党,議員,石垣のりこ,高市総理は、先週の令和六年度決算に関する本会議で消費税に関して、消費税は、消費に担税力を認めて課されるものであり、多額の消費を行う消費者ほど担税力があるものとして多くの消費税を御負担いただく仕組みとなっていますので、担税力に応じた税負担の配分を意味する税の応能負担の原則は損なわれていないと考えておりますと答弁されていますが、担税力があるから多額の消費をするとは限らないのではないでしょうか。,我々立憲民主党は、食料品の消費税ゼロを実現すべく、衆議院で法案を提出しています。,担税力イコール税を支払うことができる経済的な力や余裕とすると、負担する額面が多いか少ないかだけではなく、生活費に占める消費税の負担割合を考慮しなければ税の応能負担の原則が損なわれていないとは断言できないと考えますが、総理の御認識を伺います。,,,,v0
121915254X00920251208_004,40,消費税,立憲民主党,議員,石垣のりこ,担税力イコール税を支払うことができる経済的な力や余裕とすると、負担する額面が多いか少ないかだけではなく、生活費に占める消費税の負担割合を考慮しなければ税の応能負担の原則が損なわれていないとは断言できないと考えますが、総理の御認識を伺います。,高市総理は、先週の令和六年度決算に関する本会議で消費税に関して、消費税は、消費に担税力を認めて課されるものであり、多額の消費を行う消費者ほど担税力があるものとして多くの消費税を御負担いただく仕組みとなっていますので、担税力に応じた税負担の配分を意味する税の応能負担の原則は損なわれていないと考えておりますと答弁されていますが、担税力があるから多額の消費をするとは限らないのではないでしょうか。,消費税の負担割合を見たときに、所得が低い人ほど消費税の負担割合が重くなる、いわゆる逆進性解消のためにも、消費税減税、少なくとも食料品の消費税減税が有効と考えますが、高市総理大臣の御見解を伺います。,,,,v0
121915254X00920251208_004,41,消費税,立憲民主党,議員,石垣のりこ,消費税の負担割合を見たときに、所得が低い人ほど消費税の負担割合が重くなる、いわゆる逆進性解消のためにも、消費税減税、少なくとも食料品の消費税減税が有効と考えますが、高市総理大臣の御見解を伺います。,担税力イコール税を支払うことができる経済的な力や余裕とすると、負担する額面が多いか少ないかだけではなく、生活費に占める消費税の負担割合を考慮しなければ税の応能負担の原則が損なわれていないとは断言できないと考えますが、総理の御認識を伺います。,次に、医療機関、介護福祉施設への支援についてお尋ねします。,,,,v0
121915254X00920251208_005,17,消費税,自由民主党,政府,高市早苗,消費税についてお尋ねがありました。,現在、与党税制調査会において議論が行われており、政府としましては、与党における御議論の結果を踏まえ、適切に対応してまいります。,一般的に、担税力とは租税を負担する経済的能力のこととされ、具体的には、所得だけではなく、財産や消費もその尺度とされているものと承知しています。,,,,v0
121915254X00920251208_005,19,消費税,自由民主党,政府,高市早苗,そして、消費税は、消費に担税力を見出し、消費者がその消費額の多寡に応じて負担する仕組みとなっており、担税力に応じた税負担の配分を意味する応能負担の原則は損なわれてはいないと考えております。,一般的に、担税力とは租税を負担する経済的能力のこととされ、具体的には、所得だけではなく、財産や消費もその尺度とされているものと承知しています。,その上で、消費税の税率について申し上げれば、自民党と日本維新の会の連立合意書において、飲食料品については、二年間に限り消費税の対象としないことも視野に法制化につき検討を行うとされているように、消費税率の引下げについては選択肢として排除するものではありません。,,,,v0
121915254X00920251208_005,20,消費税,自由民主党,政府,高市早苗,その上で、消費税の税率について申し上げれば、自民党と日本維新の会の連立合意書において、飲食料品については、二年間に限り消費税の対象としないことも視野に法制化につき検討を行うとされているように、消費税率の引下げについては選択肢として排除するものではありません。,そして、消費税は、消費に担税力を見出し、消費者がその消費額の多寡に応じて負担する仕組みとなっており、担税力に応じた税負担の配分を意味する応能負担の原則は損なわれてはいないと考えております。,他方で、消費税は、税収が景気や人口構成の変化に左右されにくく安定している、現役世代などの特定の層に負担が集中することがないなどの特徴を有しており、社会保障の財源として活用され、社会保障給付という形で家計に還元されていることにも留意をする必要があります。,,,,v0
121915254X00920251208_005,21,消費税,自由民主党,政府,高市早苗,他方で、消費税は、税収が景気や人口構成の変化に左右されにくく安定している、現役世代などの特定の層に負担が集中することがないなどの特徴を有しており、社会保障の財源として活用され、社会保障給付という形で家計に還元されていることにも留意をする必要があります。,その上で、消費税の税率について申し上げれば、自民党と日本維新の会の連立合意書において、飲食料品については、二年間に限り消費税の対象としないことも視野に法制化につき検討を行うとされているように、消費税率の引下げについては選択肢として排除するものではありません。,消費税の在り方については、こうした様々な観点から議論していく必要があると考えます。,,,,v0
121915254X00920251208_005,22,消費税,自由民主党,政府,高市早苗,消費税の在り方については、こうした様々な観点から議論していく必要があると考えます。,他方で、消費税は、税収が景気や人口構成の変化に左右されにくく安定している、現役世代などの特定の層に負担が集中することがないなどの特徴を有しており、社会保障の財源として活用され、社会保障給付という形で家計に還元されていることにも留意をする必要があります。,これまでの診療報酬に関する反省と、来年度予算で物価上昇率を上回る診療報酬改定を行う重要性に関するお尋ねがありました。,,,,v0
121915254X00920251208_013,17,消費税,国民民主党,議員,伊藤孝恵,税収増の主な要因は、物価高による消費税収、賃上げに伴う所得税収の伸びによるもので、コロナ以前から二十兆円の増加、つまりインフレ影響で国が潤っています。インフレの勝ち組を国にしてはいけません。インフレで増えた分は、インフレに苦しむ家計に戻すのが道理です。にもかかわらず、減税は、国民民主党が提案したガソリン暫定税率廃止一・五兆円と年収の壁の見直し一・二兆円、総額二・七兆円にとどまります。それぞれ五十一年ぶり、三十一年ぶりとなる大英断ではありましたが、税金を取って配るとどうしても無駄なコストが生じます。,二〇二五年の国の税収は、六年連続で過去最高かつ六年連続で上振れ、ついに八十兆円を超えました。当初見込みより税収で二・九兆円、税外収入で一兆円上振れたほか、予算の使い残しが一・一兆円、これだけで五兆円の財源が生まれています。年収の壁を百七十八万円まで引き上げることも、年少扶養控除を復活することも、赤字国債を発行することなく実現できます。,総理、お米券に変えるより、取らずに残すが合理的だと思われませんか。見解を伺います。,,,,v0
121915254X00920251208_028,6,消費税,参政党,議員,神谷宗幣,補正予算の内容を見ると、一時金や補助金などへの支出が相当な割合を占めています。再エネ賦課金で国民から余分に電気代を取りつつ、今度は電気代を支援して配る。中小企業に消費税の負担を課しながら、補助金で補填する。こうした一旦集めて後で配る仕組みは、そろそろ改めていくべきではないでしょうか。,今回の補正には、来年度当初予算に計上すべき事業の前倒しが多く含まれています。この傾向が今後も続けば、次年度の当初予算が実質的に細り、逆に緊縮的な予算運営につながりかねません。政府が積極財政を掲げるのであれば、時間を掛けて予算消化ができる次年度当初予算を厚く編成すべきではないでしょうか。総理の見解をお示しください。,補助金も、補正予算のリストを見ると本当に必要なのかどうかというものがたくさんあり、数が多いので、よほどの専門知識がないと国民が十分に活用できないのではないでしょうか。,,,,v0
121915254X00920251208_028,8,消費税,参政党,議員,神谷宗幣,いわゆる日本版ＤＯＧＥの議論もありますが、事業見直しに人間が関わると余分な忖度が働きます。補助金などを一旦ＡＩで総点検し、本当に必要なものだけに絞り込めば、一定の財源が生まれるのではないでしょうか。そこで生まれる財源を消費税などの減税に振り向けた場合の経済効果について、政府として試算を行っていただきたいと考えます。,補助金も、補正予算のリストを見ると本当に必要なのかどうかというものがたくさんあり、数が多いので、よほどの専門知識がないと国民が十分に活用できないのではないでしょうか。,補助金等の見直しと減税の経済効果の試算について、財務大臣の見解をお示しください。,,,,v0
121915254X00920251208_030,2,消費税,自由民主党,政府,片山さつき,また、消費税の効果について、受益と負担を仮に御議論をするという場合におきましては、消費税は社会保障給付という側面で予算総則にも記されておりますし、家計に還元されている部分がございますので、そういった部分も恐らくは議論の対象になる、又は考慮の対象になるのではないかと考えております。,神谷議員から御質問がありましたが、補助金につきましては、これまでも不断に点検、見直しを行ってきてはいるところですが、今般新たに設置した租税特別措置・補助金見直し担当室における具体的な進め方については、あらゆる手法を、今までの政府がやってきたあらゆる手法やデータも全部生かさせていただきたいと思っておりますし、議員御指摘のように、生成ＡＩの進歩は昨今著しいものがありますので、何らかの形で活用できるような側面もあるかもしれませんし、さらに、国民の皆様から広く意見を今回募集するというそのフォーマットにつきましても現在具体的に企画を進めておりますので、いずれにいたしましても、予算編成を担当する大臣が自ら担当になるということで実効性が上がるということが今回新しいわけですから、与党とも、また国会とも御相談しながら検討をしてまいりたいと思います。,また次に、成長戦略と若者への投資についての御質問もありました。,,,,v0
121915254X01020251216_002,3,消費税,自由民主党,議員,藤川政人,質疑は、財政に関する内閣の基本姿勢、物価高対策の実効性、官公需における価格転嫁の促進、自動車関連諸税の妥当性、子育て支援の観点を踏まえた税制の在り方、消費税の課税実態と課題、給食の無償化に係る財源確保の在り方、いわゆる年収の壁対策、物価高騰を踏まえた診療報酬改定の在り方、賃上げに向けた施策の重要性、日米政府の戦略的投資に関する課題、地方中小企業の成長力強化の重要性、我が国を取り巻く安全保障環境への対処、外国人の不動産取得をめぐる対応など、多岐にわたりましたが、その詳細は会議録によって御承知願いたいと存じます。,補正予算二案は、去る十二月八日に国会に提出され、同日、財務大臣から趣旨説明を聴取し、衆議院から送付の後、十二日から本日まで、高市内閣総理大臣及び関係各大臣に対し、質疑を行いました。,質疑を終局し、討論、採決の結果、令和七年度補正予算二案は賛成多数をもっていずれも原案どおり可決すべきものと決定いたしました。,,,,v0
121915254X01020251216_008,7,消費税,参政党,議員,神谷宗幣,一部の富裕層のみに利益が集中する積極財政ではなく、インボイス制度や消費税を廃止して全国民に恩恵が行き渡る積極財政を、身を切る改革ではなく、国民生活と経済を豊かにする身を肥やす改革を実現していただくことを強く要望します。,これまでの予算編成は、プライマリーバランス黒字化という目標が足かせとしてあったために、経済を成長させるために必要な予算規模を確保することができませんでした。来年度こそ、プライマリーバランス黒字化という目標を、済みません、プライマリーバランス黒字化目標という足かせを完全に外し、日本が経済成長を取り戻すために必要な予算を大胆に編成していただくことを望みます。,また、代表質問でも述べましたが、予算は国家の意思だと考えています。従来の問題に場当たり的に対処するための政策に惰性で予算を付けるのではなく、日本が力を失っている根本原因の解決に重点的に予算を配分していただきたいと思います。,,,,v0
122105254X00220260220_016,81,消費税,自由民主党,政府,高市早苗,また、同制度導入までの間の負担軽減策として、現在、軽減税率が適用されている飲食料品については、特例公債に頼ることなく、二年間に限り、消費税をゼロ税率とすることにつき、スケジュールや財源の在り方など、その実現に向けた諸課題に関する検討を加速します。野党の皆様の御協力が得られれば、夏前には中間とりまとめを行い、税制改正関連法案の早期提出を目指します。,税、社会保険料負担や物価高に苦しむ中所得、低所得の方々の負担を減らすため、給付付き税額控除の制度設計を含めた社会保障と税の一体改革について、超党派で構成される国民会議において検討を進め、結論を得ます。,こうした施策を総動員することで、投資と賃上げの好循環を生み出します。日本列島を、再び豊かにしていこうではありませんか。,,,,v0
122105254X00220260220_022,26,消費税,自由民主党,政府,城内実,社会保障は、夢や希望の実現を諦めることなく、安心して働き、暮らしていくための基盤であります。人口減少、少子高齢化の中で、改革を進めるためには、国民一人一人の納得感が得られるものとすることが重要です。このため、国民会議において、給付と負担の在り方や給付付き税額控除、二年間に限り飲食料品に限定して消費税をゼロ税率とすることを含めた、社会保障と税の一体改革について、与野党の垣根を超え、有識者の叡智も集めて議論し、その際、決して数の力で結論を急ぐのではなく、声を上げにくい方々を含め、小さな声にも十分配慮しながら、結論を得てまいります。あらゆる世代、誰もが将来に不安を抱くことなく、地域で支え合いながら暮らしていける社会、安心の上に希望が生まれ、次の世代が将来に夢を描ける、そんな温かい社会保障の実現に全力を尽くしてまいります。,また、規制・制度改革により、民間投資と技術革新を促進し、企業が将来にわたって挑戦できる環境を整備することは、政府の重要な役割です。人口減少、少子高齢化等の課題を克服し、日本経済の成長と地方の活性化につなげるため、規制改革推進会議の審議を進めてまいります。国民生活に密着し社会経済的に重要性が高い分野について、時代や環境の変化、テクノロジーの進化に合わせて、規制の緩和、強化、明確化といった適正化も含め、必要となる利用者目線の規制・制度改革を徹底してまいります。安全と利便性を両立させ、誰もが安心して暮らし、挑戦できる社会を実現してまいります。,次の感染症危機への対応に万全を期すため、令和六年七月に改定された新型インフルエンザ等対策政府行動計画を踏まえ、取組状況の確実なフォローアップ、より実効性のある訓練の実施など、平時からの備えの充実に努めてまいります。科学的知見と国際協調を基礎に、国民の生命と暮らしを守る体制を不断に強化します。,,,,v0
122105254X00320260224_003,65,消費税,中道改革連合,議員,小川淳也,まずは与党自らが諸課題を整理し、国会に堂々と提案し、完全公開の場で議論するのが常道ではありませんか。今なぜ、消費税減税等に関して、なお国民会議なのか、その意図を説明してください。,昨年、与党が過半数割れする中、その開催が約束されました。しかし、国会は一切の議論なく初日に解散。その信義則は一方的に裏切られ、その後誕生したのが巨大与党です。,仮に、やったふり、責任転嫁の国民会議であれば、私は賛同しかねます。一方、明確な決意と財源、そして真摯な協力要請があれば、党派を超えて応ずる責任も感じています。,,,,v0
122105254X00320260224_004,35,消費税,自由民主党,政府,高市早苗,食料品の消費税率ゼロについては、改革の本丸であります給付つき税額控除の実施までの二年間に限ったつなぎと位置づけ、給付つき税額控除への移行を見据えて検討を進める方針であり、超党派で行う国民会議で、これら二つの課題を同時並行で議論してまいります。,もちろん、実現を目指して、さきの総選挙では自民党の政権公約にも記載しています。,その際、各党派により指摘された、実施に向け検討すべき諸課題についても議論を行い、結論を得てまいります。,,,,v0
122105254X00320260224_004,42,消費税,自由民主党,政府,高市早苗,食料品の消費税率ゼロについては、党派によりその主張が様々であり、実施に向け検討すべき諸課題があるとの指摘も数多くいただいています。,社会保障と税の一体改革についての国民会議についてお尋ねがありました。,政府・与党としては、食料品の消費税率ゼロについては、給付つき税額控除の実施までの二年間に限ったつなぎと位置づけ、給付つき税額控除への移行を見据えて検討を進める方針です。,,,,v0
122105254X00320260224_004,43,消費税,自由民主党,政府,高市早苗,政府・与党としては、食料品の消費税率ゼロについては、給付つき税額控除の実施までの二年間に限ったつなぎと位置づけ、給付つき税額控除への移行を見据えて検討を進める方針です。,食料品の消費税率ゼロについては、党派によりその主張が様々であり、実施に向け検討すべき諸課題があるとの指摘も数多くいただいています。,これに関し、昨年の臨時国会では、立憲民主党の皆様から、中期的に食料品の消費税を下げ、もう少し長いスパンで給付つき税額控除をやると提案しているので協議したい、二年間の食料品減税は維新の会とは一致しており、公明党も近い、主な政党がこれだけそろえば実現可能な政策に結びつけられるので、そうした協議の場を設けてもらいたいとの趣旨の御提案を何度かいただきました。,,,,v0
122105254X00320260224_004,44,消費税,自由民主党,政府,高市早苗,これに関し、昨年の臨時国会では、立憲民主党の皆様から、中期的に食料品の消費税を下げ、もう少し長いスパンで給付つき税額控除をやると提案しているので協議したい、二年間の食料品減税は維新の会とは一致しており、公明党も近い、主な政党がこれだけそろえば実現可能な政策に結びつけられるので、そうした協議の場を設けてもらいたいとの趣旨の御提案を何度かいただきました。,政府・与党としては、食料品の消費税率ゼロについては、給付つき税額控除の実施までの二年間に限ったつなぎと位置づけ、給付つき税額控除への移行を見据えて検討を進める方針です。,さらに、昨年後半から年明けにかけて、政府・与党は、立憲民主党、公明党、日本維新の会、自民党の四党の政策責任者を中心に、給付つき税額控除の制度導入を含めた社会保障と税の一体改革について、政府、与野党で共同開催する会議体をつくることで協議を続けてまいりました。,,,,v0
122105254X00320260224_004,47,消費税,自由民主党,政府,高市早苗,このため、今回、これら二つの課題を国民会議で同時並行で議論することとし、消費税が社会保障の重要な財源であることを認識しつつ、かつ、給付つき税額控除の実現に賛同いただいている野党の皆様に、政策責任者を通じてお声がけしていくこととしています。,その中で、野党の皆様から、通常国会中に中間取りまとめを、今年中を目途に最終取りまとめを行いたいとの御提案があり、政府・与党として合意しておりました。国民生活のためにスピード感を持って制度設計をする観点からも、まずは当該制度に関心を持つ与野党で議論し、その後、法案については国会の場で審議するということで、ほぼ合意に至っておりました。,与党単独で国会に提案すべきとの御指摘につきましては、これら二つの課題は、受益と負担や国民経済に大きな影響を及ぼしますため、立民、公明、維新、自民の与野党協議における各党の御主張に沿って、政府・与党として国会に提案する前に、野党や有識者の皆様にも参画をいただきながら、国民的議論を進めることを考えています。,,,,v0
122105254X00320260224_004,114,消費税,自由民主党,政府,高市早苗,日本列島を、強く豊かに。これは、さきの総選挙における自由民主党の政権公約そのものです。国民の皆様が直面している物価高への対策から、責任ある積極財政、地域未来戦略、外交、安全保障政策、子供、子育て政策、給付つき税額控除制度、飲食料品の二年間消費税率ゼロ、外国人政策に至るまで、幅広い分野について詳細な政策提言を国民の皆様にお示ししています。,強くて豊かな日本についてお尋ねがありました。,この政権公約を一つ一つ実現し、それぞれの政策目的を実現した将来像こそ、高市政権が目指す強く豊かな日本列島でございます。（拍手）,,,,v0
122105254X00320260224_011,14,消費税,日本維新の会,議員,中司宏,総理は、先日、物価高騰対策として、食料品消費税を二年間ゼロとする措置を給付つき税額控除導入までのつなぎと位置づけ、国民会議で議論を進め、夏前に中間取りまとめを行う方針を示されました。,まず、今国会でアクセルを踏んで進めなければならないのは、物価高騰対策と社会保障改革であり、財源確保のための歳出改革、加えて、改革の中でもセンターピンと位置づけています議員定数削減と副首都構想です。,我が党としても、食料品消費税ゼロによって、物価高に苦しむ国民の皆さんに即効性ある対策を届けることと、給付つき税額控除により恒久的な制度を確立することが不可欠と考え、総選挙で訴えてまいりました。,,,,v0
122105254X00320260224_011,15,消費税,日本維新の会,議員,中司宏,我が党としても、食料品消費税ゼロによって、物価高に苦しむ国民の皆さんに即効性ある対策を届けることと、給付つき税額控除により恒久的な制度を確立することが不可欠と考え、総選挙で訴えてまいりました。,総理は、先日、物価高騰対策として、食料品消費税を二年間ゼロとする措置を給付つき税額控除導入までのつなぎと位置づけ、国民会議で議論を進め、夏前に中間取りまとめを行う方針を示されました。,実現できなければ、国民の皆さんとの約束をほごにすることになります。つなぎという表現をされましたが、食料品消費税ゼロが物価高対策として重要であること、また、この実現を目指し、検討を前向きに加速させる、その思いに変わりはないことを、改めて、総理、明言していただけますか。,,,,v0
122105254X00320260224_011,16,消費税,日本維新の会,議員,中司宏,実現できなければ、国民の皆さんとの約束をほごにすることになります。つなぎという表現をされましたが、食料品消費税ゼロが物価高対策として重要であること、また、この実現を目指し、検討を前向きに加速させる、その思いに変わりはないことを、改めて、総理、明言していただけますか。,我が党としても、食料品消費税ゼロによって、物価高に苦しむ国民の皆さんに即効性ある対策を届けることと、給付つき税額控除により恒久的な制度を確立することが不可欠と考え、総選挙で訴えてまいりました。,我が国の社会保障給付費は、少子高齢化の進展を背景に年々増え続け、二〇二五年度の予算ベースでは百四十・七兆円まで膨張し、高齢者がピークを迎える二〇四〇年度には百九十兆円規模に達すると推計されています。,,,,v0
122105254X00320260224_011,32,消費税,日本維新の会,議員,中司宏,しかも、議員定数の削減は、かつて、消費税増税に当たり、当時の自民党と民主党とが取り決めたものの、消費増税だけが行われ、それとセットとされていた定数削減は、様々なやらない理由がつけられて先送りされてきました。これは十数年越しの宿題なんです。,経済の低迷や財政赤字の拡大、物価高など、日本が抱える問題を解決するためには、既得権益にメスを入れる抜本的な改革が不可欠であり、その実現には、まず隗より始めよの故事のごとく、政治家が率先垂範して自らの身を切る、すなわち議席を削る覚悟を示し、本気の改革を実践しなければなりません。,これから始まる改革に先んじて、定数削減を今国会で必ず実現すべきと考えますが、自民党総裁としての確固たる決意を伺います。,,,,v0
122105254X00320260224_012,1,消費税,自由民主党,政府,高市早苗,食料品消費税と給付つき税額控除についてお尋ねがありました。,,税、社会保険料負担や物価高に苦しむ中所得、低所得の方々の負担を減らすことは重要です。給付つき税額控除導入までの間の二年間に限った負担軽減策として、食料品の消費税率ゼロについて、その実現に向けた諸課題に関する検討を加速してまいります。,,,,v0
122105254X00320260224_012,2,消費税,自由民主党,政府,高市早苗,税、社会保険料負担や物価高に苦しむ中所得、低所得の方々の負担を減らすことは重要です。給付つき税額控除導入までの間の二年間に限った負担軽減策として、食料品の消費税率ゼロについて、その実現に向けた諸課題に関する検討を加速してまいります。,食料品消費税と給付つき税額控除についてお尋ねがありました。,このため、超党派で行う国民会議において、二年に限り、特例公債に頼らないことを前提に、検討すべき諸課題を含め、給付つき税額控除の制度設計と併せて同時並行的に議論し、結論を得ていきたいと考えております。,,,,v0
122105254X00420260225_003,28,消費税,国民民主党,議員,玉木雄一郎,次に、高市総理の選挙公約の目玉である二年間限定の食料品消費税ゼロについて伺います。,また、十八歳を超えた障害者の居場所づくり、いわゆる十八歳の壁対策についても併せて伺います。,もし、それが民意であり、総理がやりたいというのであれば、実現に協力をいたします。ただ、心配な点が多々あるので、そうした課題の解決が大前提です。今から懸念を十個申し上げます。国民会議で検討しましょうと逃げずに、是非この場で誠実な答弁をお願いしたいと思います。,,,,v0
122105254X00420260225_003,31,消費税,国民民主党,議員,玉木雄一郎,食料品の消費税ゼロは具体的にいつから可能となるのか、お示しください。スマートレジの整備が経産大臣への指示書の中に入っていましたが、スマートレジが入ったとして、最短でいつ食料品の消費税はゼロにできるんでしょうか。選挙期間中に総理がおっしゃった来年度中の実施を目指す意向に変わりがないのか、確認をいたします。,まず、実施時期です。,次に、税法上の位置づけです。,,,,v0
122105254X00420260225_003,33,消費税,国民民主党,議員,玉木雄一郎,食料品については二年間に限り消費税の対象としないとの公約の記述がありますが、これは、非課税取引にするという意味か、それとも、課税取引だけれども免税あるいはゼロ税率という意味なのか。仕入れ税額控除や還付が認められるかどうかなど、事業者への影響も大きく変わってくるので、消費税の対象としないということの税法上の位置づけを明確にお答えください。,次に、税法上の位置づけです。,三つ目として、飲食料品の範囲です。,,,,v0
122105254X00420260225_003,35,消費税,国民民主党,議員,玉木雄一郎,酒、外食、ケータリングなど、現在は軽減税率八％の対象となっていない品目も含めて飲食料品の消費税をゼロにするのかどうか、これも伺います。,三つ目として、飲食料品の範囲です。,四つ目として、影響を受ける飲食店や農家への対策です。,,,,v0
122105254X00420260225_003,37,消費税,国民民主党,議員,玉木雄一郎,週末、地元に帰って農家や飲食店の経営者と話をしましたが、食料品の消費税ゼロだけは絶対にやめてくれと強い反発の声をいただきました。議場の皆さんの中にも、同じ声を地元で聞いている方は多いんじゃないでしょうか。,四つ目として、影響を受ける飲食店や農家への対策です。,免税あるいはゼロ税率にするなら、事業者や農家には仕入れ税額の還付制度が必要不可欠になります。その際、還付申告書や明細書の作成など、増える事務負担に対してどのような支援を行うのか、さらに、還付を受けるまでの資金繰り対策としてどのようなことを考えているのか、併せて伺います。,,,,v0
122105254X00420260225_003,40,消費税,国民民主党,議員,玉木雄一郎,飲食店は外食とテイクアウトの価格差が今の二％差から一〇％差に大きく開くことになり、外食離れが進むと懸念されています。食料品消費税ゼロによる外食離れが外食産業に与える影響と、その対策についてどう考えているか、伺います。,五つ目として、外食離れへの対策です。,六つ目として、簡易課税を選択している事業者への影響です。これは結構大事です。,,,,v0
122105254X00420260225_003,44,消費税,国民民主党,議員,玉木雄一郎,そもそも、消費税率が一〇パー、八パー、〇パーの三つになれば、ややこしいし、インボイスが不可欠となって、事業者の事務は更に複雑化します。消費税率一〇パー、八パー、〇パーの三つの税率が混在する税制は、税の三原則である公平、中立、簡素に反するのではありませんか。総理の考えを伺います。,七つ目として、税制の複雑化です。,八つ目として、減税期間です。,,,,v0
122105254X00420260225_003,46,消費税,国民民主党,議員,玉木雄一郎,二年間限定の減税といっても、本当に二年後に戻せるんでしょうか。仮に二年後に景気が悪くなっていたら、食料品の消費税をゼロから八％に上げることは、大幅な増税になるため、景気に悪影響を与えることになります。景気が悪くても必ず二年で食料品の消費税を八％に戻すのか、それとも、減税が二年以上続く可能性があるのか、伺います。もし二年で戻せない場合は、本則税率を一〇％以上に、例えば一二％に引き上げることも考えているのか、併せて伺います。,八つ目として、減税期間です。,九つ目として、地方税収への影響です。,,,,v0
122105254X00420260225_003,48,消費税,国民民主党,議員,玉木雄一郎,消費税を減税すれば、地方消費税分の税収が減ります。地方自治体が行っている子育てや介護サービスなどの停滞を招かないよう、国による減収補填を行うつもりがあるのか、これも伺います。,九つ目として、地方税収への影響です。,これで最後になりますが、十番目として、財源確保の問題です。,,,,v0
122105254X00420260225_003,50,消費税,国民民主党,議員,玉木雄一郎,高市総理は、赤字国債を発行せずに、租税特別措置や補助金の見直し、税外収入で対応するとの方針を示しています。私も、消費税の二年間の減税の財源だけなら何とかなると思います。,これで最後になりますが、十番目として、財源確保の問題です。,ただ、問題は、今後、防衛力の強化や社会保障関係費の増大などへの財源確保措置も必要になってきます。トータルとして赤字国債の発行を増やさずに消費税減税を実施できると考えているのか、それとも、他の歳出項目は赤字国債で賄わざるを得ないと考えているのか、歳出歳入の全体像を語ることが責任ある積極財政だと考えますが、総理の見解を伺います。,,,,v0
122105254X00420260225_003,51,消費税,国民民主党,議員,玉木雄一郎,ただ、問題は、今後、防衛力の強化や社会保障関係費の増大などへの財源確保措置も必要になってきます。トータルとして赤字国債の発行を増やさずに消費税減税を実施できると考えているのか、それとも、他の歳出項目は赤字国債で賄わざるを得ないと考えているのか、歳出歳入の全体像を語ることが責任ある積極財政だと考えますが、総理の見解を伺います。,高市総理は、赤字国債を発行せずに、租税特別措置や補助金の見直し、税外収入で対応するとの方針を示しています。私も、消費税の二年間の減税の財源だけなら何とかなると思います。,財源確保について、国民民主党の案を幾つか提案しておきます。,,,,v0
122105254X00420260225_003,54,消費税,国民民主党,議員,玉木雄一郎,そのほかにも、外国人の消費税免税制度をやめることによる増収も提案しておりますので、新たな財源確保措置として検討をお願いしたいと思います。,昨年の予算委員会でも提案しましたが、現在、日銀は、大規模金融緩和の一環で大量に買い入れた現在時価約百兆円の上場投資信託、ＥＴＦを百十年以上かけて売却しようとしています。このＥＴＦの売却期間を買入れにかけた時間と同程度の十五年から二十年に短縮すれば、年間四兆円から五兆円の売却収入を税外収入で得ることができます。高市総理、株高によるメリットを国民に還元するために、真剣に検討してもらえないでしょうか。,国民会議が税と社会保障の問題について党派を超えて議論する建設的な場になることを期待しておりますが、仮に国民会議で意見がまとまらなかった場合は、野党の反対を理由に食料品消費税ゼロをやめるんでしょうか。それとも、意見がまとまらなくても食料品消費税ゼロを実施するのでしょうか。総理の本音をお答えください。,,,,v0
122105254X00420260225_003,55,消費税,国民民主党,議員,玉木雄一郎,国民会議が税と社会保障の問題について党派を超えて議論する建設的な場になることを期待しておりますが、仮に国民会議で意見がまとまらなかった場合は、野党の反対を理由に食料品消費税ゼロをやめるんでしょうか。それとも、意見がまとまらなくても食料品消費税ゼロを実施するのでしょうか。総理の本音をお答えください。,そのほかにも、外国人の消費税免税制度をやめることによる増収も提案しておりますので、新たな財源確保措置として検討をお願いしたいと思います。,国民民主党としては、国民会議の参加を否定するものではありません。ただ、建設的かつ迅速な議論をするためにも、まずは、衆議院で三分の二以上の議席を占めておられる自民党に、今私が指摘をした十の懸念への回答を含む具体的な消費税減税案をお示しいただきたいと思いますが、いかがでしょうか。,,,,v0
122105254X00420260225_003,56,消費税,国民民主党,議員,玉木雄一郎,国民民主党としては、国民会議の参加を否定するものではありません。ただ、建設的かつ迅速な議論をするためにも、まずは、衆議院で三分の二以上の議席を占めておられる自民党に、今私が指摘をした十の懸念への回答を含む具体的な消費税減税案をお示しいただきたいと思いますが、いかがでしょうか。,国民会議が税と社会保障の問題について党派を超えて議論する建設的な場になることを期待しておりますが、仮に国民会議で意見がまとまらなかった場合は、野党の反対を理由に食料品消費税ゼロをやめるんでしょうか。それとも、意見がまとまらなくても食料品消費税ゼロを実施するのでしょうか。総理の本音をお答えください。,なお、国民民主党として、もし消費税の減税をするなら、そのときは、食料品だけゼロにするのではなく、全ての品目を単一税率で引き下げた方がいいと考えます。仮に五兆円の減税財源があるなら、例えば一律八％に減税することも一案です。単一税率であれば、インボイスがなくても帳簿保存方式で対応可能であり、より簡素な税制となりますが、総理の考えもお示しください。,,,,v0
122105254X00420260225_003,57,消費税,国民民主党,議員,玉木雄一郎,なお、国民民主党として、もし消費税の減税をするなら、そのときは、食料品だけゼロにするのではなく、全ての品目を単一税率で引き下げた方がいいと考えます。仮に五兆円の減税財源があるなら、例えば一律八％に減税することも一案です。単一税率であれば、インボイスがなくても帳簿保存方式で対応可能であり、より簡素な税制となりますが、総理の考えもお示しください。,国民民主党としては、国民会議の参加を否定するものではありません。ただ、建設的かつ迅速な議論をするためにも、まずは、衆議院で三分の二以上の議席を占めておられる自民党に、今私が指摘をした十の懸念への回答を含む具体的な消費税減税案をお示しいただきたいと思いますが、いかがでしょうか。,次に、給付つき税額控除について伺います。,,,,v0
122105254X00420260225_003,59,消費税,国民民主党,議員,玉木雄一郎,高市総理が、消費税減税はあくまで給付つき税額控除までのつなぎの措置であり、本丸は給付つき税額控除だと考えているなら、給付つき税額控除を優先的に議論してはいかがでしょうか。,次に、給付つき税額控除について伺います。,そして、給付つき税額控除へのつなぎとして減税を考えるなら、それは、消費税の減税ではなく、所得税か住民税の減税でやるのが筋です。なぜなら、給付つき税額控除の税額控除は、結局、所得税か住民税の税額控除でやることになるからです。消費税減税から所得税、住民税の減税への移行は、税目が異なるので、つなぎにはなりません。,,,,v0
122105254X00420260225_003,60,消費税,国民民主党,議員,玉木雄一郎,そして、給付つき税額控除へのつなぎとして減税を考えるなら、それは、消費税の減税ではなく、所得税か住民税の減税でやるのが筋です。なぜなら、給付つき税額控除の税額控除は、結局、所得税か住民税の税額控除でやることになるからです。消費税減税から所得税、住民税の減税への移行は、税目が異なるので、つなぎにはなりません。,高市総理が、消費税減税はあくまで給付つき税額控除までのつなぎの措置であり、本丸は給付つき税額控除だと考えているなら、給付つき税額控除を優先的に議論してはいかがでしょうか。,そこで、国民民主党が実現可能な対案として提案しているのが、社会保険料還付つきの住民税控除です。,,,,v0
122105254X00420260225_003,69,消費税,国民民主党,議員,玉木雄一郎,現在、現役世代から高齢者への仕送りとも言える、協会けんぽや健康保険組合、市町村国保から後期高齢者医療制度への拠出金は年間七兆円にも及んでいます。食料品消費税ゼロに使えるお金が年間五兆円あるなら、これを拠出金の代わりに充てることで、現役世代の社会保険料負担を引き下げた方がいいのではないでしょうか。,国民民主党は、現役世代から豊かになろうというスローガンの下、現役世代の社会保険料負担の引下げを訴え続けてきました。その基本となる考え方の一つが、年齢ではなく能力に応じた負担です。,また、現役世代の社会保険料負担を抑えるためには、後期高齢者医療制度の窓口負担を、前期高齢者と同様、原則二割にしてはいかがでしょうか。高市総理の見解を伺います。,,,,v0
122105254X00420260225_006,35,消費税,自由民主党,政府,高市早苗,食料品の消費税率ゼロの実施時期についてお尋ねがありました。,この点、令和六年度報酬改定では、御指摘の成年後の夕方の預かりや居場所のニーズに対応するため、時間を延長して支援を行った場合の加算を拡充しており、必要な支援に努めてまいります。,食料品の消費税率ゼロについては、超党派で行う国民会議で議論を行い、具体的な実施時期を含めて結論を得て行おうとしている段階であり、現時点で結論を先取りするということはいたしません。,,,,v0
122105254X00420260225_006,36,消費税,自由民主党,政府,高市早苗,食料品の消費税率ゼロについては、超党派で行う国民会議で議論を行い、具体的な実施時期を含めて結論を得て行おうとしている段階であり、現時点で結論を先取りするということはいたしません。,食料品の消費税率ゼロの実施時期についてお尋ねがありました。,野党の皆様の協力が得られましたら、夏前には国民会議で中間取りまとめを行い、必要な法案の早期提出を目指します。,,,,v0
122105254X00420260225_006,38,消費税,自由民主党,政府,高市早苗,なお、システム対応等の事業者の準備が課題の一つであるということを踏まえて、私から経済産業大臣に対しては、消費税率の変更に柔軟なスマレジシステムの普及に早急に着手するよう指示をしたところでございます。,野党の皆様の協力が得られましたら、夏前には国民会議で中間取りまとめを行い、必要な法案の早期提出を目指します。,食料品の消費税率ゼロの税法上の位置づけについてお尋ねがありました。,,,,v0
122105254X00420260225_006,39,消費税,自由民主党,政府,高市早苗,食料品の消費税率ゼロの税法上の位置づけについてお尋ねがありました。,なお、システム対応等の事業者の準備が課題の一つであるということを踏まえて、私から経済産業大臣に対しては、消費税率の変更に柔軟なスマレジシステムの普及に早急に着手するよう指示をしたところでございます。,お尋ねの点について、政府・与党としては、飲食料品に係る消費税について、仕入れ税額控除を維持し、課税が累積することを防ぐため、非課税取引ではなく、引き続き課税取引とした上で、二年間に限り、消費税率をゼロにすることを想定しております。,,,,v0
122105254X00420260225_006,40,消費税,自由民主党,政府,高市早苗,お尋ねの点について、政府・与党としては、飲食料品に係る消費税について、仕入れ税額控除を維持し、課税が累積することを防ぐため、非課税取引ではなく、引き続き課税取引とした上で、二年間に限り、消費税率をゼロにすることを想定しております。,食料品の消費税率ゼロの税法上の位置づけについてお尋ねがありました。,食料品の消費税ゼロの対象品目についてお尋ねがありました。,,,,v0
122105254X00420260225_006,41,消費税,自由民主党,政府,高市早苗,食料品の消費税ゼロの対象品目についてお尋ねがありました。,お尋ねの点について、政府・与党としては、飲食料品に係る消費税について、仕入れ税額控除を維持し、課税が累積することを防ぐため、非課税取引ではなく、引き続き課税取引とした上で、二年間に限り、消費税率をゼロにすることを想定しております。,食料品の消費税率ゼロについて、政府・与党としては、施政方針演説でも申し上げたとおり、現在、軽減税率が適用されている飲食料品を対象として実施することを想定しています。,,,,v0
122105254X00420260225_006,42,消費税,自由民主党,政府,高市早苗,食料品の消費税率ゼロについて、政府・与党としては、施政方針演説でも申し上げたとおり、現在、軽減税率が適用されている飲食料品を対象として実施することを想定しています。,食料品の消費税ゼロの対象品目についてお尋ねがありました。,その上で、外食など他の取引への影響など、実施に向けて検討すべき諸課題については、超党派で行う国民会議で結論を得てまいります。是非ともお待ち申し上げております。,,,,v0
122105254X00420260225_006,44,消費税,自由民主党,政府,高市早苗,食料品の消費税率ゼロを二年間限定とすることについてお尋ねがありました。,その上で、外食など他の取引への影響など、実施に向けて検討すべき諸課題については、超党派で行う国民会議で結論を得てまいります。是非ともお待ち申し上げております。,食料品の消費税率ゼロについては、改革の本丸である給付つき税額控除の実施までの二年間に限ったつなぎと位置づけ、給付つき税額控除への移行を見据えて検討を進める方針でございます。,,,,v0
122105254X00420260225_006,45,消費税,自由民主党,政府,高市早苗,食料品の消費税率ゼロについては、改革の本丸である給付つき税額控除の実施までの二年間に限ったつなぎと位置づけ、給付つき税額控除への移行を見据えて検討を進める方針でございます。,食料品の消費税率ゼロを二年間限定とすることについてお尋ねがありました。,このため、今後、超党派で行う国民会議において、二年に限り、特例公債に頼らないことを前提に、検討すべき諸課題を含め、給付つき税額控除の制度設計と同時並行で議論をしてまいります。,,,,v0
122105254X00420260225_006,48,消費税,自由民主党,政府,高市早苗,食料品の消費税減税について、還付申告が新たに必要となる事業者への影響、外食産業や農家への影響、税の三原則との関係、地方財政への影響、財源確保の見通しといった様々な論点についてお尋ねがございました。,なお、一〇％の標準税率について、政府として、更に引き上げるということを検討している事実はございません。,御指摘いただいた諸課題については、十分認識をしております。今後、国民会議に御参加いただける野党の皆様とも真摯に協議を行い、一つ一つ結論を得てまいります。お待ちいたしております。,,,,v0
122105254X00420260225_006,50,消費税,自由民主党,政府,高市早苗,日銀の保有するＥＴＦと外国人の消費税免税措置についてお尋ねがありました。,御指摘いただいた諸課題については、十分認識をしております。今後、国民会議に御参加いただける野党の皆様とも真摯に協議を行い、一つ一つ結論を得てまいります。お待ちいたしております。,日銀の保有するＥＴＦは、金融政策の一環として日銀が買い入れ、保有しているものであり、その扱いについては、日銀の金融政策決定会合において決定する事項とされていると認識をしております。,,,,v0
122105254X00420260225_006,53,消費税,自由民主党,政府,高市早苗,なお、外国人旅行者向けの免税制度は、実質的に輸出取引と変わらない点に着目して消費税が免除される仕組みであり、本年十一月からのリファンド方式への移行に向け、事業者の準備も進められている中でございますので、免税措置を取りやめることについては、慎重な検討が必要でございます。,その上で、日銀において、昨年九月に、市場への影響にも配慮して、売却ペースを含め処分の指針が決定され、本年一月より売却が開始されたところであります。,国民会議での議論と食料品の消費税減税の関係及び単一税率への消費税減税についてお尋ねがありました。,,,,v0
122105254X00420260225_006,54,消費税,自由民主党,政府,高市早苗,国民会議での議論と食料品の消費税減税の関係及び単一税率への消費税減税についてお尋ねがありました。,なお、外国人旅行者向けの免税制度は、実質的に輸出取引と変わらない点に着目して消費税が免除される仕組みであり、本年十一月からのリファンド方式への移行に向け、事業者の準備も進められている中でございますので、免税措置を取りやめることについては、慎重な検討が必要でございます。,食料品の消費税率ゼロについては、党派によりその主張が様々であり、実施に向け検討すべき諸課題があるとの指摘も数多くいただいております。,,,,v0
122105254X00420260225_006,55,消費税,自由民主党,政府,高市早苗,食料品の消費税率ゼロについては、党派によりその主張が様々であり、実施に向け検討すべき諸課題があるとの指摘も数多くいただいております。,国民会議での議論と食料品の消費税減税の関係及び単一税率への消費税減税についてお尋ねがありました。,また、消費税の在り方は、金利や為替などの金融市場への影響、社会保障や地方財政への影響を含め、国民生活に深く関わるものであり、国民会議でしっかり議論を進めていく必要がございます。,,,,v0
122105254X00420260225_006,56,消費税,自由民主党,政府,高市早苗,また、消費税の在り方は、金利や為替などの金融市場への影響、社会保障や地方財政への影響を含め、国民生活に深く関わるものであり、国民会議でしっかり議論を進めていく必要がございます。,食料品の消費税率ゼロについては、党派によりその主張が様々であり、実施に向け検討すべき諸課題があるとの指摘も数多くいただいております。,今後、まさに、こうした諸課題について、超党派で行う国民会議で議論を行おうとしている段階でございます。御参加いただける野党の皆様とも真摯に議論を行った上で、結論を得てまいります。,,,,v0
122105254X00420260225_006,58,消費税,自由民主党,政府,高市早苗,なお、食料品消費税率ゼロは、食料品等の物価高の中で、中所得、低所得の方々の負担を減らすためのものであり、それに代えて、一〇％の標準税率を八％まで引き下げることで単一税率とすることについては考えておりません。,今後、まさに、こうした諸課題について、超党派で行う国民会議で議論を行おうとしている段階でございます。御参加いただける野党の皆様とも真摯に議論を行った上で、結論を得てまいります。,インボイスにつきましては、諸外国の状況を見ますと、消費税に相当する税制を有する国、地域が百七十以上ある中で、それらにおいては、仕入れ先において課税されていることの証明が必要という理由から、単一税率の場合であってもインボイス制度が導入されていると承知をいたしております。,,,,v0
122105254X00420260225_006,59,消費税,自由民主党,政府,高市早苗,インボイスにつきましては、諸外国の状況を見ますと、消費税に相当する税制を有する国、地域が百七十以上ある中で、それらにおいては、仕入れ先において課税されていることの証明が必要という理由から、単一税率の場合であってもインボイス制度が導入されていると承知をいたしております。,なお、食料品消費税率ゼロは、食料品等の物価高の中で、中所得、低所得の方々の負担を減らすためのものであり、それに代えて、一〇％の標準税率を八％まで引き下げることで単一税率とすることについては考えておりません。,このように、インボイス制度は、消費税の仕組みを適正、公平に運用するために本来必要な仕組みであることを踏まえて検討する必要があると思います。,,,,v0
122105254X00420260225_006,60,消費税,自由民主党,政府,高市早苗,このように、インボイス制度は、消費税の仕組みを適正、公平に運用するために本来必要な仕組みであることを踏まえて検討する必要があると思います。,インボイスにつきましては、諸外国の状況を見ますと、消費税に相当する税制を有する国、地域が百七十以上ある中で、それらにおいては、仕入れ先において課税されていることの証明が必要という理由から、単一税率の場合であってもインボイス制度が導入されていると承知をいたしております。,社会保険料還付つき住民税控除の御提案に関するお尋ねがありました。,,,,v0
122105254X00420260225_008,53,消費税,参政党,議員,和田政宗,このような状況の下、消費の足かせになっている消費税は、一律で減税を行い、段階的に廃止すべきと参政党は考えています。,述べてきましたように、働く方々の所得が上がっていないので、消費も伸びず、経済の伸びが弱いわけです。ＧＤＰの六割を占める個人消費が伸びなければ、経済成長もままなりません。,自民党案では、食料品の消費税がゼロ％になっても、飲食店、外食産業の税率は一〇％のままです。コロナ禍の瀕死の状況をようやく脱した飲食店、外食産業では、お客さんが減り、経営が苦しくなるのではと大いに危惧されています。メリットを得る方々がいる一方で、苦しむ方がいるというような消費税減税はあってはならないと考えます。参政党案のように一律の消費税減税であれば、我々消費者も、飲食店や外食産業も、ひとしくメリットを受けることができます。,,,,v0
122105254X00420260225_008,54,消費税,参政党,議員,和田政宗,自民党案では、食料品の消費税がゼロ％になっても、飲食店、外食産業の税率は一〇％のままです。コロナ禍の瀕死の状況をようやく脱した飲食店、外食産業では、お客さんが減り、経営が苦しくなるのではと大いに危惧されています。メリットを得る方々がいる一方で、苦しむ方がいるというような消費税減税はあってはならないと考えます。参政党案のように一律の消費税減税であれば、我々消費者も、飲食店や外食産業も、ひとしくメリットを受けることができます。,このような状況の下、消費の足かせになっている消費税は、一律で減税を行い、段階的に廃止すべきと参政党は考えています。,また、国民負担率は現在四六・二％ですが、参政党は三五％まで下げる提案をしており、その観点からも消費税の段階的廃止が必要です。,,,,v0
122105254X00420260225_008,55,消費税,参政党,議員,和田政宗,また、国民負担率は現在四六・二％ですが、参政党は三五％まで下げる提案をしており、その観点からも消費税の段階的廃止が必要です。,自民党案では、食料品の消費税がゼロ％になっても、飲食店、外食産業の税率は一〇％のままです。コロナ禍の瀕死の状況をようやく脱した飲食店、外食産業では、お客さんが減り、経営が苦しくなるのではと大いに危惧されています。メリットを得る方々がいる一方で、苦しむ方がいるというような消費税減税はあってはならないと考えます。参政党案のように一律の消費税減税であれば、我々消費者も、飲食店や外食産業も、ひとしくメリットを受けることができます。,高市総理に、消費税減税、廃止についての考えを伺うとともに、飲食店や外食産業の消費税の税率についてどのように考えるのか、伺います。,,,,v0
122105254X00420260225_008,56,消費税,参政党,議員,和田政宗,高市総理に、消費税減税、廃止についての考えを伺うとともに、飲食店や外食産業の消費税の税率についてどのように考えるのか、伺います。,また、国民負担率は現在四六・二％ですが、参政党は三五％まで下げる提案をしており、その観点からも消費税の段階的廃止が必要です。,また、政府・与党がつくろうとしている国民会議ですが、給付つき税額控除に反対する参政党は入れないとのことです。政府・与党の意見に賛成する政党だけ入れるというのであれば、国民会議と言えるのでしょうか。国会という開かれた議論の場があるのに、なぜ国民会議を設置するのでしょうか。話がまとまらないので消費税減税はできませんでしたと、アリバイづくりの場になるのではないかという危惧の声も聞かれます。,,,,v0
122105254X00420260225_008,57,消費税,参政党,議員,和田政宗,また、政府・与党がつくろうとしている国民会議ですが、給付つき税額控除に反対する参政党は入れないとのことです。政府・与党の意見に賛成する政党だけ入れるというのであれば、国民会議と言えるのでしょうか。国会という開かれた議論の場があるのに、なぜ国民会議を設置するのでしょうか。話がまとまらないので消費税減税はできませんでしたと、アリバイづくりの場になるのではないかという危惧の声も聞かれます。,高市総理に、消費税減税、廃止についての考えを伺うとともに、飲食店や外食産業の消費税の税率についてどのように考えるのか、伺います。,国民会議から参政党を排除する理由を聞くとともに、国民会議でなく、開かれた国会で議論すべきではないか、総理にお聞きします。,,,,v0
122105254X00420260225_009,30,消費税,自由民主党,政府,高市早苗,消費税の段階的廃止などについてお尋ねがありました。,現在、コーポレートガバナンス・コードの改定に向けた検討を進めているところですけれども、企業の長期的な成長に資する人的投資や新事業投資がより積極的に行われるよう、株主への還元を含めた企業の資源配分戦略を成長志向型に変容させてまいりたいと考えております。,消費税については、社会保障の財源として活用され、社会保障給付という形で家計に還元されております。一律に減税した上で、段階的に廃止した場合、年金、医療、介護、少子化対策という国民の皆様の暮らしに深く関わる行政サービスにも影響が出かねません。,,,,v0
122105254X00420260225_009,31,消費税,自由民主党,政府,高市早苗,消費税については、社会保障の財源として活用され、社会保障給付という形で家計に還元されております。一律に減税した上で、段階的に廃止した場合、年金、医療、介護、少子化対策という国民の皆様の暮らしに深く関わる行政サービスにも影響が出かねません。,消費税の段階的廃止などについてお尋ねがありました。,このため、政府・与党としては、超党派の国民会議を設置した上で、改革の本丸である給付つき税額控除の実施を見据えた二年間に限ったつなぎとして、食料品の消費税率ゼロを検討することとしております。,,,,v0
122105254X00420260225_009,32,消費税,自由民主党,政府,高市早苗,このため、政府・与党としては、超党派の国民会議を設置した上で、改革の本丸である給付つき税額控除の実施を見据えた二年間に限ったつなぎとして、食料品の消費税率ゼロを検討することとしております。,消費税については、社会保障の財源として活用され、社会保障給付という形で家計に還元されております。一律に減税した上で、段階的に廃止した場合、年金、医療、介護、少子化対策という国民の皆様の暮らしに深く関わる行政サービスにも影響が出かねません。,その際、御指摘の外食産業等への影響も含め、各党派により指摘された諸課題についても国民会議で議論を行い、結論を得てまいります。,,,,v0
122105254X00420260225_009,35,消費税,自由民主党,政府,高市早苗,政府・与党としては、食料品の消費税率ゼロについては、給付つき税額控除の実施までの二年間に限ったつなぎと位置づけ、給付つき税額控除への移行を見据えて検討を進める方針です。,国民会議についてお尋ねがありました。,このため、今回、これら二つの課題を国民会議で同時並行で議論をすることとして、消費税が社会保障の重要な財源であることを認識しつつ、かつ、給付つき税額控除の実現に賛同いただいている野党の皆様に、政策責任者を通じてお声がけすることとしています。,,,,v0
122105254X00420260225_009,36,消費税,自由民主党,政府,高市早苗,このため、今回、これら二つの課題を国民会議で同時並行で議論をすることとして、消費税が社会保障の重要な財源であることを認識しつつ、かつ、給付つき税額控除の実現に賛同いただいている野党の皆様に、政策責任者を通じてお声がけすることとしています。,政府・与党としては、食料品の消費税率ゼロについては、給付つき税額控除の実施までの二年間に限ったつなぎと位置づけ、給付つき税額控除への移行を見据えて検討を進める方針です。,国会で議論すべきとの御指摘については、野党の皆様の御協力が得られれば、夏前には中間取りまとめを行い、必要な法案を国会に提出することを考えておりますので、その段階で、国会での十分な御審議をお願いすることとなるものと考えています。,,,,v0
122105254X00420260225_011,10,消費税,チームみらい,議員,高山聡史,まず、消費税について御質問します。,以上のような政党としての基本姿勢を前提に、質問をさせていただきます。,現在、政府では、給付つき税額控除の導入と並行して、二年間、食料品の消費税率をゼロにする方針を掲げています。しかし、消費税減税にはリスクも伴います。消費税減税は、円安や長期金利の上昇を招く可能性があります。仮に円安が更に進行すると、輸入物価の上昇により国内の物価高を助長するおそれがあります。,,,,v0
122105254X00420260225_011,11,消費税,チームみらい,議員,高山聡史,現在、政府では、給付つき税額控除の導入と並行して、二年間、食料品の消費税率をゼロにする方針を掲げています。しかし、消費税減税にはリスクも伴います。消費税減税は、円安や長期金利の上昇を招く可能性があります。仮に円安が更に進行すると、輸入物価の上昇により国内の物価高を助長するおそれがあります。,まず、消費税について御質問します。,また、食料品のみ、二年間限定の減税という設計自体、リスクのあるたてつけです。食料品の消費税減税は、内食と外食の価格差を拡大させ、コロナ禍でも大きな影響を受けた外食産業に打撃を与えるおそれがあります。加えて、二年後に増税直前となるタイミングで、買いだめなどによる混乱や非効率を生じさせる原因にもなり得ます。,,,,v0
122105254X00420260225_011,12,消費税,チームみらい,議員,高山聡史,また、食料品のみ、二年間限定の減税という設計自体、リスクのあるたてつけです。食料品の消費税減税は、内食と外食の価格差を拡大させ、コロナ禍でも大きな影響を受けた外食産業に打撃を与えるおそれがあります。加えて、二年後に増税直前となるタイミングで、買いだめなどによる混乱や非効率を生じさせる原因にもなり得ます。,現在、政府では、給付つき税額控除の導入と並行して、二年間、食料品の消費税率をゼロにする方針を掲げています。しかし、消費税減税にはリスクも伴います。消費税減税は、円安や長期金利の上昇を招く可能性があります。仮に円安が更に進行すると、輸入物価の上昇により国内の物価高を助長するおそれがあります。,以上の理由から、チームみらいは、今、消費税減税を行うことに対しては慎重であるべきと考えております。こうした懸念に対する総理のお考えを教えてください。,,,,v0
122105254X00420260225_011,13,消費税,チームみらい,議員,高山聡史,以上の理由から、チームみらいは、今、消費税減税を行うことに対しては慎重であるべきと考えております。こうした懸念に対する総理のお考えを教えてください。,また、食料品のみ、二年間限定の減税という設計自体、リスクのあるたてつけです。食料品の消費税減税は、内食と外食の価格差を拡大させ、コロナ禍でも大きな影響を受けた外食産業に打撃を与えるおそれがあります。加えて、二年後に増税直前となるタイミングで、買いだめなどによる混乱や非効率を生じさせる原因にもなり得ます。,次に、給付つき税額控除についてお伺いします。,,,,v0
122105254X00420260225_011,20,消費税,チームみらい,議員,高山聡史,次に、給付つき税額控除や消費税減税を議論する場としての国民会議について御質問いたします。,給付つき税額控除の設計について、詳細は今後国民会議で議論されるものと理解しておりますが、年収の壁をなくし、働き控えを起こさないことの重要性について、総理のお考えをお示しください。,チームみらいとしては、結論ありきではなく、多様な民意を酌み取った上で、闊達な議論が行われることを期待しております。また、議論内容や検討プロセスが国民に開かれた会議となることを期待いたしております。,,,,v0
122105254X00420260225_012,1,消費税,自由民主党,政府,高市早苗,食料品の消費税減税についてお尋ねがございました。,,食料品の消費税率ゼロについては、改革の本丸である給付つき税額控除の実施までの間、二年間に限ったつなぎと位置づけ、給付つき税額控除への移行を見据えて検討を進める方針でございます。,,,,v0
122105254X00420260225_012,2,消費税,自由民主党,政府,高市早苗,食料品の消費税率ゼロについては、改革の本丸である給付つき税額控除の実施までの間、二年間に限ったつなぎと位置づけ、給付つき税額控除への移行を見据えて検討を進める方針でございます。,食料品の消費税減税についてお尋ねがございました。,超党派で行う国民会議では、これら二つの課題を同時並行で議論してまいりますので、その中で、御指摘の物価や外食産業への影響などを含め、御党を含む各党より指摘された諸課題についても、一緒に議論を行い、結論を得てまいりますので、よろしくお願いをいたします。,,,,v0
122105254X00520260305_008,18,消費税,中道改革連合,議員,大森江里子,消費税のインボイス制度導入に係る経過措置の見直しについてお伺いいたします。,課税最低限の百七十八万円への引上げによる減税額をどの程度と見込んでおられるのでしょうか。また、その財源をどのように確保されるお考えでしょうか。責任ある積極財政を掲げている高市内閣の財務大臣として、その具体的な財源確保策を明確にお示しください。,今回の改正案で、免税事業者等からの課税仕入れに係る税額控除に関する経過措置、いわゆる八割控除について、最終的な適用期限を二年延長した上で、控除できる割合の引下げペースや引下げ幅を見直すこととしております。,,,,v0
122105254X00520260305_009,23,消費税,自由民主党,政府,片山さつき,免税事業者からの仕入れに関するいわゆる八割控除は、インボイス制度導入によって小規模な国内事業者が受ける影響を緩和するための経過措置であり、引き続き適切な配慮が必要である一方、グローバル企業グループ等の租税回避にも利用されている実態が確認されたことや、消費者が日々の買物で消費税相当分として支払ったものが、この特例によって、全てが納税されず、事業者の手元に一部残る場合があることについて、消費者の方々の理解が得られるかという課題があったところです。,次に、免税事業者からの仕入れに係る経過措置についてお尋ねがありました。,このため、与党税制改正大綱を踏まえ、小規模事業者に配慮しつつ着実に縮減を図るため、最終的な適用期限を二年延長した上、本年十月以降は控除割合が八割から五割へ引き下げられる予定だったものを、七割、五割、三割と段階を踏んで引き下げる形に見直すこととしています。,,,,v0
122105254X00520260305_024,25,消費税,中道改革連合,議員,神谷裕,また、議論を本格化させる食品消費税の減税によって、一年間で約五兆円の減収が見込まれます。消費税の減税に伴う地方税財政への影響額がどの程度か、お聞きします。あわせて、地方の財政運営に支障がないようにすべきと考えますが、いかがでしょうか。,所得税制では、いわゆる年収の壁を百七十八万円に引き上げることになりました。約〇・七兆円の減税となりますが、地方交付税への影響について、どのように対応されるか、伺います。,いわゆる教育無償化に係る地方負担三千五百五十二億円の財源としては、租税特別措置の見直しによる交付税の増分及び公庫債権金利変動準備金の活用分が充てられることとされています。その財源の内訳について明らかにしてください。公庫債権金利変動準備金についてはワンショットであり、安定財源についてはどう確保するおつもりなのでしょうか。,,,,v0
122105254X00520260305_025,62,消費税,自由民主党,政府,林芳正,次に、食料品の消費税減税の実現による地方財政への影響について御質問がありました。,これらの減収を踏まえても、令和八年度の地方交付税総額は対前年度比で一・二兆円増の二十・二兆円となっており、適切に地方財源を確保することができたと認識をしております。,地方消費税を含む消費税は、約四割が自治体の貴重な税財源となっております。,,,,v0
122105254X00520260305_025,63,消費税,自由民主党,政府,林芳正,地方消費税を含む消費税は、約四割が自治体の貴重な税財源となっております。,次に、食料品の消費税減税の実現による地方財政への影響について御質問がありました。,仮に軽減税率八％をゼロ％とした場合の地方の減収見込額を機械的に計算をいたしますと、地方消費税分が一・一兆円、地方交付税分が〇・八兆円となり、合計で約二兆円程度となります。,,,,v0
122105254X00520260305_025,64,消費税,自由民主党,政府,林芳正,仮に軽減税率八％をゼロ％とした場合の地方の減収見込額を機械的に計算をいたしますと、地方消費税分が一・一兆円、地方交付税分が〇・八兆円となり、合計で約二兆円程度となります。,地方消費税を含む消費税は、約四割が自治体の貴重な税財源となっております。,御指摘の地方財政への影響などの諸課題については、今後、国民会議において御議論いただくものと承知をしております。,,,,v0
122105254X00620260313_026,10,消費税,自由民主党,議員,坂本哲志,審査においては、消費税減税及び給付つき税額控除の導入を含む経済・財政・金融政策、予算編成の在り方、物価高への対応、賃上げに向けた取組、社会保障制度、危機管理投資や成長投資、エネルギー安全保障を含む外交・安全保障政策、外国人施策など、国政の各般にわたって熱心に質疑が行われました。その詳細は会議録により御承知願いたいと存じます。,この予算三案は、去る二月二十日本委員会に付託され、同月二十六日片山財務大臣から趣旨の説明を聴取し、翌二十七日から質疑に入り、基本的質疑、一般的質疑、より掘り下げた議論を行う場としての省庁別審査、鹿児島県と岩手県における地方公聴会、集中審議、中央公聴会を行うなど、慎重に審査を重ね、本日締めくくり質疑を行いました。,本日、質疑を終局後、中道改革連合・無所属及び日本共産党から、それぞれ、令和八年度予算三案につき撤回のうえ編成替えを求めるの動議が提出され、趣旨の説明がありました。,,,,v0
122105254X00620260313_081,14,消費税,中道改革連合,議員,大森江里子,中小企業、小規模事業者を支える税制も不十分です。消費税のインボイスに係る経過措置であるいわゆる二割特例は三割特例に縮減され、対象も、法人が除かれて個人事業主のみに絞られてしまいます。厳しい経営環境の中にあって、せめて小規模な法人などは対象に残すべきです。,所得税の基礎控除の物価スライド制を導入し、中間層の所得を底上げするために特例的に控除を引き上げようとする一方で、所得税一％の付加税を創設するというのは、全く納得できません。私たち中道改革連合は、生活者ファーストの視点から、この当初予定していた防衛特別所得税の創設は直ちに撤回すべきと主張します。,次に、特例公債法改正案について、反対の立場から討論を行います。,,,,v0
122105254X00620260313_085,6,消費税,参政党,議員,牧野俊一,一方、所得税法等の一部改正案には賛成できません。賃上げ促進税制の改正が盛り込まれておりますが、賃上げを阻み、雇用を不安定化してきた最大の要因は、消費税という事業者の粗利にかけられる第二法人税にあると我が党は考えるからです。,国債発行は悪であると決めつけ、緊縮財政を実行し続けた結果、経済は低迷し、インフラは劣化し、供給能力は毀損してしまいました。地方インフラや防災投資、農林水産業への投資をワイズスペンディングを言い訳にして切り捨てないことこそ、責任ある積極財政における真の国民への責任ではないでしょうか。,消費税は社会保障のための税だと説明されますが、実際には、一般会計に入る税であり、特定財源ではありません。にもかかわらず、消費減税が社会保障削減につながるかのような説明がなされることは、国民の理解をミスリードしていると言わざるを得ません。,,,,v0
122105254X00620260313_085,7,消費税,参政党,議員,牧野俊一,消費税は社会保障のための税だと説明されますが、実際には、一般会計に入る税であり、特定財源ではありません。にもかかわらず、消費減税が社会保障削減につながるかのような説明がなされることは、国民の理解をミスリードしていると言わざるを得ません。,一方、所得税法等の一部改正案には賛成できません。賃上げ促進税制の改正が盛り込まれておりますが、賃上げを阻み、雇用を不安定化してきた最大の要因は、消費税という事業者の粗利にかけられる第二法人税にあると我が党は考えるからです。,消費税が引き上げられる一方で、法人税は引き下げられ、過去三十年で株主配当は大きく増加しました。この税制の構造を一度白紙に戻し、防衛予算の確保も含めて、税収不足があるのであれば、法人税の在り方も含めて議論することこそ筋ではないでしょうか。,,,,v0
122105254X00620260313_085,8,消費税,参政党,議員,牧野俊一,消費税が引き上げられる一方で、法人税は引き下げられ、過去三十年で株主配当は大きく増加しました。この税制の構造を一度白紙に戻し、防衛予算の確保も含めて、税収不足があるのであれば、法人税の在り方も含めて議論することこそ筋ではないでしょうか。,消費税は社会保障のための税だと説明されますが、実際には、一般会計に入る税であり、特定財源ではありません。にもかかわらず、消費減税が社会保障削減につながるかのような説明がなされることは、国民の理解をミスリードしていると言わざるを得ません。,また、オーバーツーリズム対策として出国税を引き上げるのであれば、日本人と外国人を一律三千円とすることにも疑問があります。,,,,v0
122105254X01120260409_020,7,消費税,国民民主党,議員,日野紗里亜,これまでの報道では、国民会議では、食料品の消費税や給付つき税額控除について議論するとされています。それとは別に、施政方針演説で述べられたとおり、給付と負担の在り方について、特に医療や介護に関する給付と負担の在り方について議論する予定はありますでしょうか。議論されるとすれば、給付の在り方を考える際にどういう点を重視して議論されるべきとお考えでしょうか。,私は、必要なサービスを必要な人に必要なタイミングで届けるためには、現役世代の過度な負担を抑えることが重要であり、医療、介護、福祉、いずれの分野においても、サービスの効果を丁寧に検証した上で、給付の範囲を見直していく必要があると考えています。,今回の出産に伴う経済的負担の軽減は、少子化対策の一環として進められているものと承知しております。その上で申し上げます。制度はつくることではなく、しっかり機能することに意味があります。,,,,v0
122105254X01120260409_021,3,消費税,自由民主党,政府,高市早苗,社会保障国民会議におきましては、まずは給付つき税額控除や食料品の消費税率ゼロを同時並行的に議論を進め、その上で、給付つき税額控除の議論を進める過程で明らかになった社会保障制度の課題などについては、改めて調整の上、協議を継続することとされております。どのように議論を進めるかについては、参加政党とよく御相談していくものと考えております。,我が国の社会保障は、諸外国と比較すると、相対的には中福祉・低負担となっているものと認識をしております。,給付の在り方を考えるに当たっては、今後、制度を持続可能なものとしていくとともに、全ての世代で能力に応じて負担し、支え合い、必要なサービスが必要な方に適切に提供される全世代型社会保障を構築していくといった視点が重要だと考えております。,,,,v0
122105254X02220260603_020,23,消費税,国民民主党,議員,田中健,次に、食料品の消費税と給付つき税額控除の議論について伺います。,総理に伺います。国民民主党は、本格的な給付つき税額控除の導入に向けた第一ステップとして、社会保険料還付の前倒し給付を提案しています。物価高と社会保険料負担に苦しむ勤労世帯を迅速に支援するため、今回の補正予算にこうした給付措置を盛り込むべきではありませんか。総理の目指す給付つき税額控除を前倒しで実施することにもつながると考えますが、見解を伺います。,現在、国民会議で食料品消費税の扱いについて議論が行われています。一部報道では、税率を一％にし、来年四月一日からの実施を目指すとも伝えられています。しかし、仮に最速でも来年四月ということであれば、今年度中の支援にはなりません。国民が物価高に困っているのは今です。,,,,v0
122105254X02220260603_020,24,消費税,国民民主党,議員,田中健,現在、国民会議で食料品消費税の扱いについて議論が行われています。一部報道では、税率を一％にし、来年四月一日からの実施を目指すとも伝えられています。しかし、仮に最速でも来年四月ということであれば、今年度中の支援にはなりません。国民が物価高に困っているのは今です。,次に、食料品の消費税と給付つき税額控除の議論について伺います。,しかも、国民の皆様が苦しんでいるのは食料品だけではありません。日用品、家賃、教育費、あらゆる物とサービスが値段が上がっています。さらに、勤労者にとってはインフレだけでなく社会保険料の負担も重い。この問題にこそ、スピード感を持って政治が真正面から向き合うべきです。,,,,v0
122105254X02220260603_020,26,消費税,国民民主党,議員,田中健,総理に伺います。食料品の消費税について、政府として来年四月一日から税率一％で実施する方針を決めたのでしょうか。国民会議での議論の結果を尊重して決めるべきではないでしょうか。仮に四月一日から減税するとしても、それまでは減税も給付も何もありません。給付つき税額控除の本格導入を見据え、中低所得の勤労者向けの簡素な給付措置を年度内に速やかに実施すべきと考えますが、見解を伺います。,しかも、国民の皆様が苦しんでいるのは食料品だけではありません。日用品、家賃、教育費、あらゆる物とサービスが値段が上がっています。さらに、勤労者にとってはインフレだけでなく社会保険料の負担も重い。この問題にこそ、スピード感を持って政治が真正面から向き合うべきです。,次に、財政運営について伺います。,,,,v0
122105254X02220260603_021,21,消費税,自由民主党,政府,高市早苗,食料品の消費税率や給付つき税額控除の本格導入を見据えた簡素な給付措置についてのお尋ねがございました。,給付より減税と主張されていた御党が、国民会議において、給付に前向きであることも受け止め、国民の皆様にとって最適な負担軽減の方法について、スピード感を持って、共に知恵を出し合ってまいりましょう。,食料品の消費税率に関しては、社会保障国民会議において食料品の消費税率ゼロの実現に向けた検討を加速する旨を自民党の政権公約にも記載しておりますが、現在、その社会保障国民会議の実務者会議において具体的な議論が進められているところであり、現段階で方向性が何ら決まっているものではなく、引き続き、社会保障国民会議において、各党の皆様にもお知恵をいただき、諸課題の克服に向けた検討を進め、結論を得ていきたいと考えております。,,,,v0
122105254X02220260603_021,22,消費税,自由民主党,政府,高市早苗,食料品の消費税率に関しては、社会保障国民会議において食料品の消費税率ゼロの実現に向けた検討を加速する旨を自民党の政権公約にも記載しておりますが、現在、その社会保障国民会議の実務者会議において具体的な議論が進められているところであり、現段階で方向性が何ら決まっているものではなく、引き続き、社会保障国民会議において、各党の皆様にもお知恵をいただき、諸課題の克服に向けた検討を進め、結論を得ていきたいと考えております。,食料品の消費税率や給付つき税額控除の本格導入を見据えた簡素な給付措置についてのお尋ねがございました。,また、給付つき税額控除につきましても、その具体的な制度設計に向けて、社会保障国民会議において現在議論が進められているところであり、引き続き、より充実した議論がスピード感を持って進められるということを期待いたしております。,,,,v0
122105254X02320260604_014,17,消費税,国民民主党,議員,臼木秀剛,そして、何よりも重要なのは、一時的な支援を続けることよりも、まさに今、物価高で困っている国民や事業者の皆様に施策の効果を届けることではないでしょうか。今行われている食料品の消費税率ゼロの議論も、そもそも物価高対策としての有効性について我々は疑問を呈していますが、実現しても早くても来年四月というのでは遅過ぎるということも指摘せざるを得ません。,補助金頼みの政策にはどうしても限界があります。激変緩和策として、短期で市場価格を抑え、即効性がある点で効果はありますが、長期化すれば財政負担が大きくなってしまう、また、市場の価格機能をゆがませてしまう点にも注意をしなければなりません。補助金での支援はいつまでも続けるべきではなく、明確な出口戦略が必要です。物流、公共交通、農林漁業など、一定の分野への重点支援を強めながら、ガソリンの目安価格の在り方も見直していくべきでしょう。,やはり物価高対策の本丸は、実質的な増税状態の是正、すなわち、税の適正負担に向けた策へ転じ、特にインフレと社会保険料負担がのしかかる現役世代の負担軽減を実現することです。,,,,v0
122115254X00220260220_002,81,消費税,自由民主党,政府,高市早苗,また、同制度導入までの間の負担軽減策として、現在、軽減税率が適用されている飲食料品については、特例公債に頼ることなく、二年間に限り、消費税をゼロ税率とすることにつき、スケジュールや財源の在り方など、その実現に向けた諸課題に関する検討を加速します。野党の皆様の御協力が得られれば、夏前には中間とりまとめを行い、税制改正関連法案の早期提出を目指します。,税・社会保険料負担や物価高に苦しむ中所得・低所得の方々の負担を減らすため、給付付き税額控除の制度設計を含めた社会保障と税の一体改革について、超党派で構成される国民会議において検討を進め、結論を得ます。,こうした施策を総動員することで、投資と賃上げの好循環を生み出します。日本列島を、再び豊かにしていこうではありませんか。,,,,v0
122115254X00220260220_008,23,消費税,自由民主党,政府,城内実,社会保障は、夢や希望の実現を諦めることなく、安心して働き、暮らしていくための基盤であります。人口減少、少子高齢化の中で、改革を進めるためには、国民一人一人の納得感が得られるものとすることが重要です。このため、国民会議において、給付と負担の在り方や給付付き税額控除、二年間に限り飲食料品に限定して消費税をゼロ税率とすることを含めた、社会保障と税の一体改革について、与野党の垣根を超え、有識者の叡智も集めて議論し、その際、決して数の力で結論を急ぐのではなく、声を上げにくい方々も含め、小さな声にも十分配慮しながら、結論を得てまいります。あらゆる世代、誰もが将来に不安を抱くことなく、地域で支え合いながら暮らしていける社会、安心の上に希望が生まれ、次の世代が将来に夢を描ける、そんな温かい社会保障の実現に全力を尽くしてまいります。,また、規制・制度改革により、民間投資と技術革新を促進し、企業が将来にわたって挑戦できる環境を整備することは、政府の重要な役割です。人口減少、少子高齢化等の課題を克服し、日本経済の成長と地方の活性化につなげるため、規制改革推進会議での審議を進めてまいります。国民生活に密着し社会・経済的に重要性が高い分野について、時代や環境の変化、テクノロジーの進化に合わせて、規制の緩和・強化・明確化といった適正化も含め、必要となる利用者目線の規制・制度改革を徹底してまいります。安全と利便性を両立させ、誰もが安心して暮らし、挑戦できる社会を実現してまいります。,次の感染症危機への対応に万全を期すため、令和六年七月に改定された新型インフルエンザ等対策政府行動計画を踏まえ、取組状況の確実なフォローアップ、より実効性のある訓練の実施など、平時からの備えの充実に努めてまいります。科学的知見と国際協調を基盤に、国民の生命と暮らしを守る体制を不断に強化します。,,,,v0
122115254X00320260225_002,21,消費税,立憲民主党,議員,田名部匡代,責任ある積極財政と食料品消費税減税について伺います。,立憲民主党は、扶養から外れて保険料を納めても手取りが緩やかに増えるよう給付金を支給する制度を提案しています。働いた分だけ手取りが増える仕組みの実現が必要ではないでしょうか。総理の見解を伺います。,立憲民主党が給付付き税額控除の提案をした昨年から給付付き税額控除の実務者協議が進み、その後、高市総理が提案され、国民会議が設置されました。そこに急に食料品消費税の議題も追加となりました。,,,,v0
122115254X00320260225_002,22,消費税,立憲民主党,議員,田名部匡代,立憲民主党が給付付き税額控除の提案をした昨年から給付付き税額控除の実務者協議が進み、その後、高市総理が提案され、国民会議が設置されました。そこに急に食料品消費税の議題も追加となりました。,責任ある積極財政と食料品消費税減税について伺います。,総理は責任ある積極財政を掲げていますが、であるならば、食料品消費税減税について財源の説明は不可欠です。政府の財源確保の基本方針をお示しください。,,,,v0
122115254X00320260225_002,23,消費税,立憲民主党,議員,田名部匡代,総理は責任ある積極財政を掲げていますが、であるならば、食料品消費税減税について財源の説明は不可欠です。政府の財源確保の基本方針をお示しください。,立憲民主党が給付付き税額控除の提案をした昨年から給付付き税額控除の実務者協議が進み、その後、高市総理が提案され、国民会議が設置されました。そこに急に食料品消費税の議題も追加となりました。,また、今回の選挙で与党は大多数となり、総理は、食料品消費税減税という悲願達成の環境、それが整ったのかなと思います。まずは与党として取りまとめ、国会に提案するおつもりはないでしょうか。,,,,v0
122115254X00320260225_002,24,消費税,立憲民主党,議員,田名部匡代,また、今回の選挙で与党は大多数となり、総理は、食料品消費税減税という悲願達成の環境、それが整ったのかなと思います。まずは与党として取りまとめ、国会に提案するおつもりはないでしょうか。,総理は責任ある積極財政を掲げていますが、であるならば、食料品消費税減税について財源の説明は不可欠です。政府の財源確保の基本方針をお示しください。,あわせて、総理のお考えになる責任あるとは、財政規律なのか、成長責任なのか、将来世代への説明責任なのか、何をもって責任あると判断されるのか、具体的な評価指標を伺います。,,,,v0
122115254X00320260225_003,4,消費税,自由民主党,政府,高市早苗,品物は、本体価格プラスシステム料プラス送料に消費税を掛けまして一人分約三万円で、合計三百十五人分になります。私が支部長を務める奈良県第二選挙区支部の政治資金からの支出となります。政党支部から議員個人への寄附として、法令上も問題はないものと認識をいたしております。,本件の事実関係や趣旨につきましては、既に昨夜、Ｘで御説明をしたとおり、衆議院総選挙後、党所属の衆議院議員全員に対して、今回の大変厳しい選挙を経て当選したことへのねぎらいの気持ちも込め、今後の議員としての活動に役立てていただきたいと考え、奈良県第二選挙区支部として品物を寄附したものでございます。,選挙における雪の影響についてお尋ねがございました。,,,,v0
122115254X00320260225_003,30,消費税,自由民主党,政府,高市早苗,食料品の消費税減税及び責任ある積極財政についてお尋ねがありました。,なお、御党の御提案につきましては、社会保険制度における給付と負担のバランスとの関係、所得把握など、実務上の課題や財源といった課題について整理が必要だと考えております。,政府・与党は、重要かつ大規模な新たな施策を実施するに当たっては、責任与党として、これまでも常に安定財源を確保しながら対応してまいりましたが、この方針はこれからも変わりません。食料品の消費税率ゼロの財源については、今後、国民会議で、特例公債に頼らないことを前提に、御参加いただける野党の皆様とも真摯に議論を行った上で結論を得てまいります。,,,,v0
122115254X00320260225_003,31,消費税,自由民主党,政府,高市早苗,政府・与党は、重要かつ大規模な新たな施策を実施するに当たっては、責任与党として、これまでも常に安定財源を確保しながら対応してまいりましたが、この方針はこれからも変わりません。食料品の消費税率ゼロの財源については、今後、国民会議で、特例公債に頼らないことを前提に、御参加いただける野党の皆様とも真摯に議論を行った上で結論を得てまいります。,食料品の消費税減税及び責任ある積極財政についてお尋ねがありました。,また、与党単独で具体案を取りまとめ、国会に提案すべきとの御指摘につきましては、食料品の消費税率ゼロと給付付き税額控除の課題は受益と負担や国民経済に大きな影響を及ぼすため、これまでの立民、公明、維新、自民の与野党協議における各党の御主張に沿って、政府・与党としても、国会に提案する前に、野党や有識者の皆様にも参画いただきながら国民的議論を進めることを考えています。,,,,v0
122115254X00320260225_003,32,消費税,自由民主党,政府,高市早苗,また、与党単独で具体案を取りまとめ、国会に提案すべきとの御指摘につきましては、食料品の消費税率ゼロと給付付き税額控除の課題は受益と負担や国民経済に大きな影響を及ぼすため、これまでの立民、公明、維新、自民の与野党協議における各党の御主張に沿って、政府・与党としても、国会に提案する前に、野党や有識者の皆様にも参画いただきながら国民的議論を進めることを考えています。,政府・与党は、重要かつ大規模な新たな施策を実施するに当たっては、責任与党として、これまでも常に安定財源を確保しながら対応してまいりましたが、この方針はこれからも変わりません。食料品の消費税率ゼロの財源については、今後、国民会議で、特例公債に頼らないことを前提に、御参加いただける野党の皆様とも真摯に議論を行った上で結論を得てまいります。,また、責任ある積極財政について、高市内閣では、強い経済の構築と財政の持続可能性の実現を両立させ、それを次の世代に引き継いでいくこととしており、それが今を生きている国民と未来を生きる国民に対する責任でもあると考えています。,,,,v0
122115254X00320260225_005,32,消費税,自由民主党,議員,石井準一,そこで、実質的な賃金や可処分所得の増加、同時に、物価高騰の鎮静化の双方に向けて、給付付き税額控除の制度設計を含めた社会保障と税の一体改革や飲食料品の二年間に限った消費税率ゼロについて、どのように具体的に進めていくおつもりでしょうか。総理にお伺いをいたします。,しかし、物価高により、名目の個人消費は増加しているものの、物価上昇を加味した実質の個人消費は、コロナ禍前の水準を上回ることができておりません。その要因として、賃上げ率が物価上昇を超えるまでには至っていないこと、そして、少子高齢化に伴い社会保険料負担が増加していることなどが考えられます。,また、もっと働いて手取りを増やしたいが、労働時間規制があるがために、副業を入れ、かえって健康を損ねてしまう方が出ることも心配です。,,,,v0
122115254X00320260225_006,15,消費税,自由民主党,政府,高市早苗,また、食料品の消費税率ゼロにつきましては、改革の本丸である給付付き税額控除の実施までの二年間に限ったつなぎと位置付け、食料品の消費税率ゼロから給付付き税額控除への移行を見据えて検討を進める方針です。,税、社会保険料負担や物価高に苦しむ中所得、低所得の方々の負担を減らすため、給付付き税額控除の制度設計を含めた社会保障と税の一体改革について、超党派で構成される国民会議において検討を進め、結論を得ます。,このため、国民会議において、二年に限り、特例公債に頼らないことを前提として、検討すべき諸課題を含め、給付付き税額控除の制度設計と同時並行的に議論し、結論を得ていきたいと考えています。,,,,v0
122115254X00720260331_035,19,消費税,立憲民主党,議員,高木真理,また、中小企業・小規模事業者を支える税制も不十分です。消費税のインボイスに係る経過措置であるいわゆる二割特例は三割特例に縮減され、対象も個人事業主のみに絞られてしまいます。厳しい経営環境の中で、下で苦しんでいる中小企業・小規模事業者は対象に残し、引き続き支える措置が必要であります。,立憲民主・無所属は、公明党及び参政党とともに委員会において防衛特別所得税の創設を凍結する修正案を提出いたしました。防衛特別所得税を創設しなくとも防衛力強化に必要な財源は確保できるにもかかわらず、国民生活が厳しい状況に置かれている中で所得税を増税する必要が本当にあるのでしょうか。直ちに見直すべきです。,さらに、私たちは、公平、納得の税制改革を訴え、巨額の租税特別措置が適用されている企業を実名で公表することを求めてきました。しかし、結論は先送りにされており、政府の改革に向けた取組は不十分であると言わざるを得ません。,,,,v0
122115254X00720260331_037,12,消費税,公明党,議員,上田勇,また、消費税のインボイス制度の経過措置の縮減など、中小企業・小規模事業者への配慮が不十分であるほか、中堅企業の賃上げ促進税制の縮小など、地域経済への影響も懸念されます。,公明党は、立憲民主党、参政党と共同で、防衛特別所得税の施行を凍結する修正案を提出いたしました。,なお、東日本大震災からの復興のための施策を実施するために必要な財源の確保に関する特別措置法の一部を改正する法律案については、復興事業の着実な実施のため必要な改正であり、また、関税定率法等の一部を改正する法律案については、税関業務の適切な執行や国内産業等の保護のために適当な改正であり、賛成であることを申し上げ、討論といたします。,,,,v0
122115254X00720260331_039,18,消費税,参政党,議員,塩入清香,そして最後に、消費税と社会保障の関係についても触れさせていただきます。,防衛力の強化は必要です。しかし、その財源を所得税付加税一％の増税で賄うことは賛同できません。さきの本会議の際には、増税によって防衛費の財源を賄った例として、バルト三国での例があると答弁いただきました。つまり、やはり防衛増税は一般的ではないということです。多くの国は、防衛という長期的公共財については公債で賄うのが一般的。最も大切な国民の生命と財産を守るための費用は国が保障する、それこそが国家の品格なのではないでしょうか。,高市内閣では、消費税は社会保障の財源であると繰り返し主張されてきました。しかし、実際は、消費税は一般会計に計上され、実務上はほかの税収と合算されて処理されているのではないですか。特別会計として区分されていない以上、あるいは、ほか用途を禁ずる法的拘束がない以上、消費税が社会保障費に充てられていることを厳密に証明することは不可能です。,,,,v0
122115254X00720260331_039,19,消費税,参政党,議員,塩入清香,高市内閣では、消費税は社会保障の財源であると繰り返し主張されてきました。しかし、実際は、消費税は一般会計に計上され、実務上はほかの税収と合算されて処理されているのではないですか。特別会計として区分されていない以上、あるいは、ほか用途を禁ずる法的拘束がない以上、消費税が社会保障費に充てられていることを厳密に証明することは不可能です。,そして最後に、消費税と社会保障の関係についても触れさせていただきます。,かつて、一般会計は苦しいのに、特別会計という離れですき焼きを食べていると批判を受け、特別会計の一般会計化が進められました。その際、政府は、透明性の向上と必要な分野への柔軟な配分を理由として掲げておられました。つまり、政府自ら、財源は特定せず、全体として配分する仕組みへと移行したと説明しているのです。,,,,v0
122115254X00720260331_039,21,消費税,参政党,議員,塩入清香,であるならば、その同じ財源について、一方では柔軟に使うと言いながら、他方では社会保障のための税と説明することは論理的に成立しません。すなわち、消費税は目的税として徴収されながら、実際には一般財源として運用されており、その使途は国民が検証できない仕組みになっています。政府はこの矛盾についてどのように説明されるのでしょうか。,かつて、一般会計は苦しいのに、特別会計という離れですき焼きを食べていると批判を受け、特別会計の一般会計化が進められました。その際、政府は、透明性の向上と必要な分野への柔軟な配分を理由として掲げておられました。つまり、政府自ら、財源は特定せず、全体として配分する仕組みへと移行したと説明しているのです。,さらに、問題はここからです。,,,,v0
122115254X00720260331_039,23,消費税,参政党,議員,塩入清香,政府は、賃上げを掲げながら、同時に消費税という賃上げ妨害税を維持している。消費税は事業者にとってコストであり、価格転嫁ができなければ、その分だけ賃上げの余力を奪います。特に、医療機関では、仕入れ税額控除ができない構造により、消費税が直接的に経営を圧迫している。その結果、公立病院の八割以上が赤字に陥り、その補填は社会保障費で賄われ、最終的には社会保険料の引上げへとつながっています。,さらに、問題はここからです。,つまり、消費税は、賃上げを妨げるだけでなく、社会保険料の引上げを招く構造を有しています。この構造を放置したまま社会保障のためと説明し続けることは、国民に対して誠実な態度だとお考えでしょうか。,,,,v0
122115254X00720260331_039,24,消費税,参政党,議員,塩入清香,つまり、消費税は、賃上げを妨げるだけでなく、社会保険料の引上げを招く構造を有しています。この構造を放置したまま社会保障のためと説明し続けることは、国民に対して誠実な態度だとお考えでしょうか。,政府は、賃上げを掲げながら、同時に消費税という賃上げ妨害税を維持している。消費税は事業者にとってコストであり、価格転嫁ができなければ、その分だけ賃上げの余力を奪います。特に、医療機関では、仕入れ税額控除ができない構造により、消費税が直接的に経営を圧迫している。その結果、公立病院の八割以上が赤字に陥り、その補填は社会保障費で賄われ、最終的には社会保険料の引上げへとつながっています。,参政党が食品のみの消費税ゼロに反対し、一律の消費減税を主張したのも、今まさに医療業界が被っている消費税非課税による負担が飲食業界にも同じく発生する可能性が高いからです。,,,,v0
122115254X00720260331_039,25,消費税,参政党,議員,塩入清香,参政党が食品のみの消費税ゼロに反対し、一律の消費減税を主張したのも、今まさに医療業界が被っている消費税非課税による負担が飲食業界にも同じく発生する可能性が高いからです。,つまり、消費税は、賃上げを妨げるだけでなく、社会保険料の引上げを招く構造を有しています。この構造を放置したまま社会保障のためと説明し続けることは、国民に対して誠実な態度だとお考えでしょうか。,結論として申し上げます。,,,,v0
122115254X00720260331_039,27,消費税,参政党,議員,塩入清香,間接税として徴収されているのに運用は直接税、目的税として徴収されているのに実際は一般財源、社会保障の財源と言われているのに実際は社会保険料引上げ税。消費税が内包する多くの矛盾に、国民はもうこれ以上耐えられません。財源は示しました。どうか一度、国民のために廃止していただきたい。全てが変わると思います。参政党は、引き続き消費税の廃止についてしっかりと訴えてまいります。,結論として申し上げます。,以上を申し上げ、私の討論といたします。,,,,v0
122115254X00820260407_005,4,消費税,自由民主党,議員,藤川政人,質疑は、政府及び日本銀行の我が国経済に対する現状認識、我が国経済の供給力低下の原因と、あるべき対策、原油調達先の多角化に伴う設備投資支援、円安の要因と国内投資拡大の重要性、物価高対策を盛り込んだ暫定予算や補正予算編成の必要性、食料品の消費税率ゼロに関する政府の見解、財政支出と潜在成長率の関係に対する評価、中小企業への追加的な資金繰り支援の必要性、中東情勢の早期鎮静化に向けた我が国の役割、日米首脳会談を踏まえたイラン攻撃に対する法的評価、中東情勢を受けた原油価格高騰への対応策、高額療養費制度見直しの是非、障害児福祉に係る所得制限撤廃の必要性、中東情勢を踏まえた医療機器の安定供給に関する取組、医療機関の経営状況を踏まえた診療報酬改定の重要性など多岐にわたりましたが、その詳細は会議録によって御承知願いたいと存じます。,以来、基本的質疑、一般質疑に加え、三回にわたる集中審議を行い、三月二十四日に公聴会を開催し、四月一日及び二日には各委員会に審査を委嘱し、本日、立憲民主・無所属及び公明党から原油高・物価高対策等を追加する旨の一般会計予算及び特別会計予算に対する修正案が提出されるとともに、徳永委員より趣旨説明が行われ、次いで、国民民主党・新緑風会から燃料油価格高騰対策等を追加する旨の一般会計予算に対する修正案が提出されるとともに、田村委員より趣旨説明が行われ、以後、原案及び両修正案について質疑を行うなど、熱心に審査を行ってまいりました。,本日をもって質疑を終局した後、両修正案は予算総額の増額でありますので、国会法第五十七条の三の規定により内閣の意見を求めたところ、政府としては反対であるとの発言がありました。,,,,v0
122115254X00820260407_015,12,消費税,参政党,議員,宮出千慧,そして、日本の成長を妨げてきた最たるものが消費税であります。総理は現役世代に負担が集中することがないから良い税金なのだとおっしゃいますが、価格転嫁もままならない中小零細企業やフリーランスの方々にとって、その負担がいかに重いか、真剣に考えていただきたい。,日本の失われた三十年と言われる長期停滞の根本には、グローバリズムの弊害があります。ここから目を背けたまま政策を進めても、日本の復活はあり得ません。,そして、看過できないのは、中小企業を苦しめる消費税は上げ続けた一方で、法人税は下げ続けてきたという事実であります。これでは、大企業優遇、中小企業切捨てと言われても仕方がないのではないでしょうか。,,,,v0
122115254X00820260407_015,13,消費税,参政党,議員,宮出千慧,そして、看過できないのは、中小企業を苦しめる消費税は上げ続けた一方で、法人税は下げ続けてきたという事実であります。これでは、大企業優遇、中小企業切捨てと言われても仕方がないのではないでしょうか。,そして、日本の成長を妨げてきた最たるものが消費税であります。総理は現役世代に負担が集中することがないから良い税金なのだとおっしゃいますが、価格転嫁もままならない中小零細企業やフリーランスの方々にとって、その負担がいかに重いか、真剣に考えていただきたい。,さらに、何度も申し上げるように、消費税は賃上げ妨害税であります。,,,,v0
122115254X00820260407_015,14,消費税,参政党,議員,宮出千慧,さらに、何度も申し上げるように、消費税は賃上げ妨害税であります。,そして、看過できないのは、中小企業を苦しめる消費税は上げ続けた一方で、法人税は下げ続けてきたという事実であります。これでは、大企業優遇、中小企業切捨てと言われても仕方がないのではないでしょうか。,現在、政府は人手不足を移民受入れの根拠として強調しておりますが、問題の本質は人手不足ではなく賃金不足であります。,,,,v0
122115254X00820260407_015,16,消費税,参政党,議員,宮出千慧,失われた三十年の間、消費税増税が進み、企業は賃上げをしづらくなりました。それに加え、非正規雇用の拡大により実質賃金は下落し続け、日本人が就きたがらない仕事が増えました。外国人を受け入れる前に、まず現場で働く人々に敬意を払い、学歴にかかわらず、どんな仕事であっても真面目に働けば家族を養えるだけの賃金が得られる社会をつくることが先決であります。現に、我が国には百七十六万人の完全失業者が存在しております。外国人雇用のための助成金に財源を充てるより、働きたくても働けていない日本人を雇用することにこそお金を使うべきではないでしょうか。,現在、政府は人手不足を移民受入れの根拠として強調しておりますが、問題の本質は人手不足ではなく賃金不足であります。,更に申し上げます。移民受入れに伴う諸問題、治安の悪化、土葬問題、教育現場への負担増大、これらのツケは全て現場と国民個人に押し付けられております。多国籍生徒への対応に追われ、外国籍生徒への対応に追われ、日本人の子供たちの教育がおろそかになっていないか、政府は真剣に向き合うべきであります。,,,,v0
122115254X01220260513_009,29,消費税,自由民主党,政府,高市早苗,このため、社会保障国民会議においては、国民の皆様の受益と負担に関わる給付付き税額控除や食料品の消費税率ゼロを含めた社会保障と税の一体改革について、国民の皆様にも見える形で丁寧かつスピード感を持って検討を進めているところです。,人口減少や少子高齢化が進行する中で、給付と負担の在り方などについて、全世代を通じて納得感が得られる社会保障の構築に向けた国民的な議論を進める必要があります。,国民会議の議論の進め方については、まずは給付付き税額控除と食料品の消費税率ゼロを同時並行的に議論を進め、その上で、給付付き税額控除の議論を進める過程で明らかとなった社会保障制度の課題などについて、改めて調整の上、協議を継続することとしています。,,,,v0
122115254X01220260513_009,30,消費税,自由民主党,政府,高市早苗,国民会議の議論の進め方については、まずは給付付き税額控除と食料品の消費税率ゼロを同時並行的に議論を進め、その上で、給付付き税額控除の議論を進める過程で明らかとなった社会保障制度の課題などについて、改めて調整の上、協議を継続することとしています。,このため、社会保障国民会議においては、国民の皆様の受益と負担に関わる給付付き税額控除や食料品の消費税率ゼロを含めた社会保障と税の一体改革について、国民の皆様にも見える形で丁寧かつスピード感を持って検討を進めているところです。,社会保障を取り巻く様々な課題を踏まえながら、全ての世代で能力に応じて負担し、支え合い、必要なサービスが必要な方に適切に提供される全世代型社会保障の構築に向けた取組を進めてまいります。,,,,v0
122115254X01320260515_005,22,消費税,立憲民主党,議員,打越さく良,しかし、在留外国人もまた、所得税、住民税、消費税、年金、健康保険料等を支払い、地域社会を支えています。在留外国人を負担も担う生活者としてではなく、専ら受益者としてのみ扱うのであれば、それは事実認識として誤っているだけでなく、共生社会に逆行する発想ではないでしょうか。法務大臣の認識を伺います。,衆議院において入管庁は、国民の税金で主として賄われている外国人施策について、今回の増収があった場合、日本人の負担と入れ替え、外国人に負担していただくと驚きの答弁をしました。,本法案について入管庁は、在留許可手数料の額が無限定とならないようにするため、実費のほか、応益的、政策的要素を勘案すると説明します。しかし、曖昧な勘案要素により、逆に恣意的で無限定な積算が可能になってしまいます。一九八一年の改正で現在の上限額一万円が規定された際には、実費を中心に勘案して定められたものとされていました。,,,,v0
122115254X01820260603_026,17,消費税,参政党,議員,塩入清香,次に、消費税減税あるいは廃止を行わない理由について伺います。,また、現在、ナフサを始めとする原材料や部材の供給不安が高まっています。そうしたサプライチェーンの停滞によって、工場の稼働縮小や建設工事の遅延、受注減少などが発生しており、実際には、仕事はあるのに部材が届かない、工場が働かない、動かない、現場が止まることによって働けなくなってしまった統計に表れない実質的な失業者は既に多数いらっしゃいます。今後、休業や所得減少が広がった場合、雇用調整助成金の拡充や休業補償、所得補償などの追加対策を是非とも検討していただきたいと強く要望いたします。,現在の物価上昇は、エネルギー危機に伴うコストプッシュ型のインフレです。ＯＥＣＤは、二〇二二年から二〇二三年のエネルギー危機に際し、広範な価格統制より低所得者向け財政支援や税負担軽減を重視すべきと指摘。ＩＭＦも同じく、一律の価格補助よりも所得支援や税制措置の方が効率的であるとしています。,,,,v0
122115254X01820260603_026,19,消費税,参政党,議員,塩入清香,日本でも、第一次石油危機の一九七四年、狂乱物価と景気悪化に対して所得税減税が行われました。つまり、エネルギー価格高騰に起因するインフレ局面では、一時的な価格抑制だけでなく、家計の所得を支える財政措置や税負担軽減が重要であるということは、国際機関の指摘や歴史を見ても明らかなのです。であれば、補助金による一時的な価格抑制だけでなく、消費税減税あるいは廃止によって国民を救うべきではありませんか。総理の認識を伺います。,現在の物価上昇は、エネルギー危機に伴うコストプッシュ型のインフレです。ＯＥＣＤは、二〇二二年から二〇二三年のエネルギー危機に際し、広範な価格統制より低所得者向け財政支援や税負担軽減を重視すべきと指摘。ＩＭＦも同じく、一律の価格補助よりも所得支援や税制措置の方が効率的であるとしています。,高市内閣はこれまで、投資の予見性を高めると何度も繰り返してきました。しかし、企業にとって最も大きな予見性とは、国民の購買力が回復し、需要が見込めることではありませんか。国民の手元にお金がなければ、企業の売上げは増えません。売上げの見通しがなければ、賃上げも投資も進みません。,,,,v0
122115254X01820260603_026,21,消費税,参政党,議員,塩入清香,また、消費税は、赤字の企業であっても課税される、滞納率が最も高い、賃上げの原資を奪っている賃上げ妨害税です。その上、人材投資や設備投資の原資も奪っているわけですから、消費税は投資妨害税であるということも今回から付け加えておきたいと思います。,高市内閣はこれまで、投資の予見性を高めると何度も繰り返してきました。しかし、企業にとって最も大きな予見性とは、国民の購買力が回復し、需要が見込めることではありませんか。国民の手元にお金がなければ、企業の売上げは増えません。売上げの見通しがなければ、賃上げも投資も進みません。,次に、給付付き税額控除の制度設計について。,,,,v0
122115254X01820260603_026,24,消費税,参政党,議員,塩入清香,もし給付付き税額控除という名称を用いながら実際には給付のみを行うのであれば、それは単に減税を避けるための言い訳ではないですか。また、準備期間や事務負担などが要因とおっしゃるなら、増税の際にはそれがほぼ問題視されてこなかったことと整合性がありません。消費税だけでなく、所得税までも減税を避けるのであれば、国民の目には、高市内閣はあくまで減税はしない、国民の手元にお金を残す意思がないというメッセージを送ることになるのではないでしょうか。,本来、給付付き税額控除とは、税額控除、すなわち所得税及び住民税などの減税が中心であり、控除し切れない部分においては給付で補完するという制度です。ところが、現在の議論は、給付ばかりが先行し、減税の議論が見えてきません。なぜ給付付き税額控除を給付に一本化されようとされているのでしょうか。経済財政担当大臣、合理的な理由があればお示しください。,最後に申し上げます。,,,,v0
122115254X01820260603_026,28,消費税,参政党,議員,塩入清香,そもそも、二〇一九年秋に消費税一〇％引上げ、その後のコロナ禍、ロシア、ウクライナ情勢、喫緊の中東情勢、日本国民はかつてない物価高と実質賃金の長期的低下の中、必死に働き、納税をし、生き抜いてきました。だからこそ、今回の補正だけで終わるのではなく、秋以降の追加補正、そして令和九年度予算において、より大胆な財政出動で恒久的に国民を支えていただきたいのです。,また、今回はリスク最小化予算とのことで、中東情勢への対策のみ、ごくごく当たり前の予算に絞られています。しかし、高市政権の経済政策は責任ある積極財政と官民連携の投資なのですから、リスクの最小化にとどまらず、少なくとも戦略十七分野の予算は今回の補正にも入れるべきでした。,与党の中にも、積極財政の必要性を訴えてこられた議員の皆様が百名規模でおられます。国民会議ではなく、この国会の場において、国民の所得を増やし、需要を創出し、日本経済を成長させる真の積極財政と減税政策を実現していただくことを強く要望し、私の質疑とさせていただきます。,,,,v0
122115254X01820260603_027,6,消費税,自由民主党,政府,高市早苗,消費税の恒久的な減税や廃止についてお尋ねがありました。,高市内閣としては、責任ある積極財政の考え方の下、日々の市場動向や経済指標を常に十分注視をしながら、財政の持続可能性を実現して、マーケットからの信認を確保してまいります。,消費税については、税収が景気や人口構成の変化に左右されにくく安定している、現役世代など特定の層に負担が集中することがないなどの特徴を有しています。,,,,v0
122115254X01820260603_027,7,消費税,自由民主党,政府,高市早苗,消費税については、税収が景気や人口構成の変化に左右されにくく安定している、現役世代など特定の層に負担が集中することがないなどの特徴を有しています。,消費税の恒久的な減税や廃止についてお尋ねがありました。,このため、消費税は、社会保障の財源として活用され、社会保障給付という形で家計に還元されており、仮に恒久的な減税や廃止をした場合、年金、医療、介護、少子化対策という国民の皆様の暮らしに深く関わる行政サービスにも影響が出かねません。したがって、消費税の恒久的な減税や廃止という御提案については適当ではないと考えております。,,,,v0
122115254X01820260603_027,8,消費税,自由民主党,政府,高市早苗,このため、消費税は、社会保障の財源として活用され、社会保障給付という形で家計に還元されており、仮に恒久的な減税や廃止をした場合、年金、医療、介護、少子化対策という国民の皆様の暮らしに深く関わる行政サービスにも影響が出かねません。したがって、消費税の恒久的な減税や廃止という御提案については適当ではないと考えております。,消費税については、税収が景気や人口構成の変化に左右されにくく安定している、現役世代など特定の層に負担が集中することがないなどの特徴を有しています。,,,,,v0
122115254X01920260605_002,3,消費税,自由民主党,議員,藤川政人,質疑は、補正予算における予備費計上の在り方、金利上昇局面での財政健全化の必要性、中東情勢を踏まえた物価高騰対策、中小企業に対する金融支援の必要性、我が国の資源調達の方向性、原油及び石油関連製品の安定供給の見通し、食料品の消費税率引下げに関する課題、政治活動におけるＳＮＳ利用の在り方など、多岐にわたりましたが、その詳細は会議録によって御承知願いたいと存じます。,補正予算二案は、去る六月三日に国会に提出され、同日、財務大臣から趣旨説明を聴取し、衆議院から送付の後、本日、高市内閣総理大臣及び関係各大臣に対し、質疑を行いました。,質疑を終局した後、立憲民主・無所属及び公明党の提案による修正案を議題とし、趣旨説明を聴取いたしました。,,,,v0
122115254X02020260610_006,50,消費税,立憲民主党,議員,山内佳菜子,私たちは、財源論から逃げることはできません。どのように財源を確保し、どのような社会保障国家を目指すのか。給付付き税額控除や消費税のみならず、将来にわたり持続可能な制度をどう構築し、国民の命を守ろうとしているのでしょうか。,大臣、最後に伺います。,制度を守ることは大切です。しかし、それによって目の前の命がこれ以上ないがしろにされることがあっては断じてなりません。今こそ国民的な議論が必要ではないでしょうか。,,,,v0
122115254X02620260708_021,10,消費税,立憲民主党,議員,吉田忠智,防衛費以外にも、今後、高市総理が悲願とまで言われた食料品消費税ゼロ、官民で総額三百七十兆円規模とされる戦略十七分野への投資など、巨額の財政支出が控えていますが、これらはいずれも具体的な財源が示されておらず、このままでは責任ある積極財政ではなく、無責任な放漫財政であるとのそしりは免れません。市場ではこの財政リスクが懸念され、長期金利は三十年ぶりの水準となり、ドル円相場も三十九年半ぶりに百六十二円台を記録するなど、既に大きな影響が出ています。言葉で責任を標榜しても、実態が伴わなければ何の意味もありません。更なる物価高から国民生活を守るためにも、高市内閣には、財政に対する市場の懸念を払拭すべく、実効的な策を講じることを強く求めるものであります。,しかしながら、政府・与党は、こうした状況を顧みることなく、安保三文書の前倒し改定を進め、ＮＡＴＯが目標として掲げる対ＧＤＰ比三・五％などを念頭に、更なる防衛費の増額を図ろうとしています。仮に対ＧＤＰ比三・五％の防衛費を目指す場合、直近のＧＤＰ水準を踏まえると、額にして約二十三兆円となり、現在の二倍以上の予算規模となります。安全保障環境の変化を踏まえ、防衛力を整備する必要性があることは一定理解をいたしますが、物価高で生活が厳しさを増す中、この巨額防衛費の財源を確保するために、既に国民は防衛増税という負担を強いられています。にもかかわらず、何の反省もなく、またまた数字ありきで予算を増やすようなことは、断じて許されるものではありません。政府には、今回の決算審議で指摘をされた点も含め、防衛費全体の抑制と適正化を図ることを改めて強く求めるものであります。,第二の反対理由は、依然として予備費の正常化がなされていないことです。コロナ禍で予備費が肥大化して以降、巨額の予備費を設けることが常態化していますが、徐々に規模が縮小しつつあるとはいえ、令和六年度においても予算として二兆円が計上されており、いまだ正常化されたとは言い難い規模となっています。,,,,v0
122115254X02620260708_025,13,消費税,国民民主党,議員,奥村祥大,その少なからぬ部分は、物価上昇に伴う消費税収の増加と、名目賃金の上昇で所得税の負担が実質的に重くなる、言わばインフレによる自動増税によるものです。実質賃金が目減りし、人々の生活が苦しくなる中で、国だけが一人勝ちの状況でした。税収増の果実は、納税者である国民に還元されるべきではなかったのでしょうか。,当時の岸田内閣は、二〇二四年中に物価上昇を上回る所得を実現すると約束しました。結果はどうであったか。実質賃金は前年比〇・二％の減少、三年連続のマイナスでした。その一方で、歳入決算額は百三十五・九兆円、うち税収は七十五・二兆円と、五年連続で過去最高を更新し、補正後予算からもなお一兆八千億円上振れました。,政府も還元を口にしました。それが定額減税です。当時の岸田内閣は、デフレから完全に脱却する千載一遇の歴史的チャンスとして、定額減税で可処分所得を増やすと説明しました。しかし、定額減税と関連給付で総額五兆円を超える財源を投じながらも、政府からはいまだその効果検証が聞こえてきません。専門家による試算では、ＧＤＰの押し上げ効果は〇・二兆円から〇・五兆円程度とされるものもあり、投じた金額に対して効果は限定的でした。何より、あれから二年がたった今なお、政府はデフレ脱却を宣言できておりません。物価が上がり続けている中でデフレ脱却を宣言できていないのは、持続的な賃上げと消費の好循環が実現していない証左であります。,,,,v0
122115254X02620260708_027,9,消費税,参政党,議員,安藤裕,令和六年度における税金の新規滞納発生額は九千九百二十五億円、前年度比二四・一％増と大幅に増加し、税目別では五千二百九十八億円を消費税が占めています。,そして、直近の集計では、二〇二六年一月から五月の社会保険料を含む税金滞納倒産は九十七件で、二〇一七年以降の同期間で最多です。物価高と人件費上昇で運転資金の確保が優先され、納税が後回しになるという構造は令和八年も続いています。,消費税は、必ず価格に上乗せされて消費者が負担している税金ではなく、売上げに課税されているため、赤字企業にも課税される税金です。売上げに課税されているから、赤字企業にも納税額が発生します。利益が出ていない事業者に納税資金があるはずがありません。滞納の増加は事業者のモラルの問題ではなく、税の構造そのものの欠陥の表れです。消費税は欠陥税制なのです。納税できないのが当然の税制を放置したまま徴収強化だけを進めるのは、本末転倒です。,,,,v0
122115254X02620260708_027,10,消費税,参政党,議員,安藤裕,消費税は、必ず価格に上乗せされて消費者が負担している税金ではなく、売上げに課税されているため、赤字企業にも課税される税金です。売上げに課税されているから、赤字企業にも納税額が発生します。利益が出ていない事業者に納税資金があるはずがありません。滞納の増加は事業者のモラルの問題ではなく、税の構造そのものの欠陥の表れです。消費税は欠陥税制なのです。納税できないのが当然の税制を放置したまま徴収強化だけを進めるのは、本末転倒です。,令和六年度における税金の新規滞納発生額は九千九百二十五億円、前年度比二四・一％増と大幅に増加し、税目別では五千二百九十八億円を消費税が占めています。,同じことが社会保険料にも言えます。倒産の直接原因に国自身が課す公租公課が上がっており、その大きな要因を消費税、社会保険料が占めている以上、これはもはや経営者の失敗による、経営者の失敗による滞納ではなく、政府の失政による倒産であると言わざるを得ません。政府は、この事実を決算上どう総括するのでしょうか。,,,,v0
122115254X02620260708_027,11,消費税,参政党,議員,安藤裕,同じことが社会保険料にも言えます。倒産の直接原因に国自身が課す公租公課が上がっており、その大きな要因を消費税、社会保険料が占めている以上、これはもはや経営者の失敗による、経営者の失敗による滞納ではなく、政府の失政による倒産であると言わざるを得ません。政府は、この事実を決算上どう総括するのでしょうか。,消費税は、必ず価格に上乗せされて消費者が負担している税金ではなく、売上げに課税されているため、赤字企業にも課税される税金です。売上げに課税されているから、赤字企業にも納税額が発生します。利益が出ていない事業者に納税資金があるはずがありません。滞納の増加は事業者のモラルの問題ではなく、税の構造そのものの欠陥の表れです。消費税は欠陥税制なのです。納税できないのが当然の税制を放置したまま徴収強化だけを進めるのは、本末転倒です。,赤字企業にも課税する消費税や社会保険料の減額を検討しない限り、日本社会の宝であり、地方を支える中小企業の復活や中小企業で働く皆さんの賃上げは実現できません。しかし、残念ながら、消費税については一律税率にして減税するという議論は排除され、食料品のみ、二年間限定の減税が議論されているのみです。これでは全く解決になりません。,,,,v0
122115254X02620260708_027,12,消費税,参政党,議員,安藤裕,赤字企業にも課税する消費税や社会保険料の減額を検討しない限り、日本社会の宝であり、地方を支える中小企業の復活や中小企業で働く皆さんの賃上げは実現できません。しかし、残念ながら、消費税については一律税率にして減税するという議論は排除され、食料品のみ、二年間限定の減税が議論されているのみです。これでは全く解決になりません。,同じことが社会保険料にも言えます。倒産の直接原因に国自身が課す公租公課が上がっており、その大きな要因を消費税、社会保険料が占めている以上、これはもはや経営者の失敗による、経営者の失敗による滞納ではなく、政府の失政による倒産であると言わざるを得ません。政府は、この事実を決算上どう総括するのでしょうか。,だから、私たち参政党は、国民負担率に三五％のキャップをはめること、そして消費税の段階的廃止を訴えています。私たちが訴える消費税の減税、廃止議論は、物価対策ではありません。消費税を減税しても、物価は税率どおりには下がりません。消費税減税、廃止とは、今の物価高、人件費高騰に苦しむ中小企業を支援する究極の中小企業支援策なのです。,,,,v0
122115254X02620260708_027,13,消費税,参政党,議員,安藤裕,だから、私たち参政党は、国民負担率に三五％のキャップをはめること、そして消費税の段階的廃止を訴えています。私たちが訴える消費税の減税、廃止議論は、物価対策ではありません。消費税を減税しても、物価は税率どおりには下がりません。消費税減税、廃止とは、今の物価高、人件費高騰に苦しむ中小企業を支援する究極の中小企業支援策なのです。,赤字企業にも課税する消費税や社会保険料の減額を検討しない限り、日本社会の宝であり、地方を支える中小企業の復活や中小企業で働く皆さんの賃上げは実現できません。しかし、残念ながら、消費税については一律税率にして減税するという議論は排除され、食料品のみ、二年間限定の減税が議論されているのみです。これでは全く解決になりません。,また、自民党は、二〇二二年参議院選挙の公約に、新型コロナや物価高騰等で苦しむ中小企業の資金繰りを支え、過剰債務の軽減を含めた事業再生、再チャレンジを支援しますと明記していました。ところが、政府が実際に行ったのは、ほとんどが借換え、返済繰延べ、すなわち債務の先送りであり、公約に掲げた過剰債務の軽減、すなわち元本の減免、カットはほとんど実現されておりません。先送りされた債務は消えておらず、返済本格化と物価高、仕入れ高、人件費高騰が重なった令和六年度に倒産という形で顕在化し、今でも収束していません。軽減と借換えのすり替えは実質的な公約の不履行です。,,,,v0
