speechID,para_id,h_stance,a_stance,human_topics,ai_topics_norm,ai_confidence,note,ai_note,text
121905254X00420251105_006,64,c,e,l,g,高,外国人への消費税課税,過剰観光対策の財源として消費税免税見直しを提起、税率変更の主張なし,政府は、二〇三〇年に年間六千万人の外国人観光客の受入れと、観光消費額を約十五兆円に拡大するという目標を掲げていますが、他方で、オーバーツーリズム対策を的確に取らないと国民の生活に混乱が生じます。その財源として、国民民主党は、出国税の増税や入国税の創設、外国人観光客に対する消費税免税措置の見直しなどを提案していますが、オーバーツーリズム対策として、高市総理の見解をお示しください。
121905254X00420251105_014,3,a,a,f;i;j;k,f;i,高,,本文で「消費税廃止」「一律五％減税」を主張,国民の六割が生活が苦しいと答え、年間一万社が倒産する中、悠長に給付つき税額控除を検討している場合ではありません。イギリスでも実現に十数年かかり、総理自身が制度設計に三年はかかると認めています。三十年続く不況に、コロナに、物価高。三重苦に苦しむ国民が望んでいるのは、消費税廃止です。このままでは、失われた三十年は四十年になります。消費税廃止、少なくとも一律五％減税とインボイスの廃止、加えて十万円の現金給付、これこそまず第一にやるべきではないですか。
121905254X00420251105_014,6,e,a,f;g,f,中,減税の話をしているが減税派ではない,本文で消費税廃減税の公約があるのに協議しないことを批判,物価高対策が急務なのに、自民党のお家騒動による三か月もの政治空白は断じて許せません。しかし、野党も同罪です。なぜ、八月一日にガソリン暫定税率廃止法案を提出しながら、採決せず、五日間で国会を閉じたのですか。国民民主の玉木代表は、通ってしまうからと本音を漏らしていますが、やはり六月に出した法案は通らない前提だったんですか。これだから、与党も野党も茶番だと言われるんです。参議院選で全ての野党が消費税廃止、減税を公約にしているのに、なぜこの三か月間、消費税の協議をしないんですか。全く理解できません。
121905254X00420251105_017,8,a,a,f;i,f,高,,本文で「消費税の減税で所得の再分配」を質問,この三十年間、消費税は三度増税され、法人税は七回も税率が引き下げられ、富裕層への減税と税優遇も続いています。空前の利益を上げる大企業や大資産家には減税、食費さえ切り詰める庶民には消費税の重い負担、この税制の在り方を総理はどう思われますか。大企業には、今よりも税金を負担する力、担税力があると認めますか。消費税の減税で所得の再分配を行うことが必要ではありませんか。
121905254X00720251208_024,28,e,e,f;j,m,高,,「消費税について伺います」のつなぎの一文,次に、消費税について伺います。
121915254X00420251106_005,12,e,a,f,f,中,,本文で所信に消費税減税の言及なしを先送りと批判,食料品価格の上昇は止まらず、生活者の体感物価が一〇％を超える中で、早急な支援は待ったなしです。しかし、今回の総理の所信には、給付はやらない、消費税減税は言及なし、給付付き税額控除は制度設計に着手、年収の壁は真摯に議論と述べるにとどまり、いずれもていのよい先送りです。
121915254X00420251106_009,8,e,e,,h,高,,給付付き税額控除の導入を主張、消費税負担の軽減は間接的,いわゆる年収の壁も給付付き税額控除の導入により大幅に引き上げることができます。年二十万円を基本額として、年収二百万円までは二十万円を全額を給付、二百万円超から給付額を逓減し、三百万円で消失とすれば、例えば年収二百万円の場合は所得税がマイナスになり、給付がなされます。低所得層の社会保険料と消費税負担をかなりカバーできる上、課税最低限は大幅に上がります。課税最低限を引き上げるためにも給付付き税額控除の導入が有効だと思いますが、総理の御見解をお聞かせください。
121915254X00420251106_012,22,a,a,,f,高,,本文で「消費税の廃止や減税を検討しない」理由を質問,政府は、消費税を廃止した場合の経済効果を試算すらしていません。なぜ消費税の廃止や減税を検討しないのか、総理の見解を伺います。
121915254X00420251106_026,25,a,a,k,f,中,,次段落で「減税と給付金で国民救って」を要求、野党の公約未実施を批判,永田町では、野党による消費税減税やるやる詐欺が吹き荒れた。
121915254X00420251106_026,29,a,a,h,f,高,,本文で「消費税廃止、減税を一緒にやってください」と呼びかけ,昔は消費税廃止、その後、手のひら返し、消費税増税に加担し続けた公明党。これまで長きにわたり自民党による日本の破壊をサポートしてきたことは仏罰が下るレベル。心を入れ替え、消費税廃止、減税を一緒にやってください。
121915254X00720251203_034,22,e,e,,j,中,,消費税の滞納増加を説明、事業者負担の批判、暗示:減税寄り,このような税制ですから、滞納が多いのは当然です。国税の中で滞納が最も多いのが消費税。消費税の新規滞納発生額は、令和四年度が三千六百三十億円、令和五年度が四千三百八十三億円、令和六年度が五千二百九十八億円と、年々増加しています。
121915254X00920251208_004,36,e,e,f,m,高,,「消費税減税についてお尋ねします」のつなぎの一文,次に、消費税減税についてお尋ねします。
122105254X00320260224_011,16,a,a,f;i,f,高,,本文で「食料品消費税ゼロ」の実現に向けた検討加速を明言要求,実現できなければ、国民の皆さんとの約束をほごにすることになります。つなぎという表現をされましたが、食料品消費税ゼロが物価高対策として重要であること、また、この実現を目指し、検討を前向きに加速させる、その思いに変わりはないことを、改めて、総理、明言していただけますか。
122105254X00420260225_003,40,e,e,j;l,j,高,,食料品消費税ゼロの外食産業への影響と対策を質問,飲食店は外食とテイクアウトの価格差が今の二％差から一〇％差に大きく開くことになり、外食離れが進むと懸念されています。食料品消費税ゼロによる外食離れが外食産業に与える影響と、その対策についてどう考えているか、伺います。
122105254X00420260225_003,56,a,a,j,i,中,,次段落で「単一税率で引き下げ」「一律八％減税」を主張、減税案を要求,国民民主党としては、国民会議の参加を否定するものではありません。ただ、建設的かつ迅速な議論をするためにも、まずは、衆議院で三分の二以上の議席を占めておられる自民党に、今私が指摘をした十の懸念への回答を含む具体的な消費税減税案をお示しいただきたいと思いますが、いかがでしょうか。
122105254X00420260225_003,60,e,e,i;l,i,高,,消費税減税ではなく所得税・住民税減税を主張、税目が異なるため,そして、給付つき税額控除へのつなぎとして減税を考えるなら、それは、消費税の減税ではなく、所得税か住民税の減税でやるのが筋です。なぜなら、給付つき税額控除の税額控除は、結局、所得税か住民税の税額控除でやることになるからです。消費税減税から所得税、住民税の減税への移行は、税目が異なるので、つなぎにはなりません。
122105254X00420260225_011,12,b,e,l,j,中,,食料品二年間限定減税の設計リスクを批判、外食産業への影響を指摘,また、食料品のみ、二年間限定の減税という設計自体、リスクのあるたてつけです。食料品の消費税減税は、内食と外食の価格差を拡大させ、コロナ禍でも大きな影響を受けた外食産業に打撃を与えるおそれがあります。加えて、二年後に増税直前となるタイミングで、買いだめなどによる混乱や非効率を生じさせる原因にもなり得ます。
122105254X00520260305_024,25,e,e,h,g,高,,食品消費税減税の地方税財政への影響額を質問,また、議論を本格化させる食品消費税の減税によって、一年間で約五兆円の減収が見込まれます。消費税の減税に伴う地方税財政への影響額がどの程度か、お聞きします。あわせて、地方の財政運営に支障がないようにすべきと考えますが、いかがでしょうか。
122115254X00820260407_015,12,e,e,j;k,j,中,,消費税を成長の妨げと批判、中小零細企業・フリーランスの負担を指摘、暗示:減税寄り,そして、日本の成長を妨げてきた最たるものが消費税であります。総理は現役世代に負担が集中することがないから良い税金なのだとおっしゃいますが、価格転嫁もままならない中小零細企業やフリーランスの方々にとって、その負担がいかに重いか、真剣に考えていただきたい。
122115254X01820260603_026,21,a,e,j;k,j,中,,消費税を賃上げ妨害税・投資妨害税と批判、赤字企業への課税を指摘、暗示:減税寄り,また、消費税は、赤字の企業であっても課税される、滞納率が最も高い、賃上げの原資を奪っている賃上げ妨害税です。その上、人材投資や設備投資の原資も奪っているわけですから、消費税は投資妨害税であるということも今回から付け加えておきたいと思います。
122115254X02620260708_021,10,e,e,f,g,高,,食料品消費税ゼロの財源不示を批判、放漫財政と指摘、実効的な策を要求,防衛費以外にも、今後、高市総理が悲願とまで言われた食料品消費税ゼロ、官民で総額三百七十兆円規模とされる戦略十七分野への投資など、巨額の財政支出が控えていますが、これらはいずれも具体的な財源が示されておらず、このままでは責任ある積極財政ではなく、無責任な放漫財政であるとのそしりは免れません。市場ではこの財政リスクが懸念され、長期金利は三十年ぶりの水準となり、ドル円相場も三十九年半ぶりに百六十二円台を記録するなど、既に大きな影響が出ています。言葉で責任を標榜しても、実態が伴わなければ何の意味もありません。更なる物価高から国民生活を守るためにも、高市内閣には、財政に対する市場の懸念を払拭すべく、実効的な策を講じることを強く求めるものであります。
122115254X02620260708_027,12,a,a,j;k,j,高,,本文で「一律税率にして減税」の議論排除を批判、消費税減額検討を要求,赤字企業にも課税する消費税や社会保険料の減額を検討しない限り、日本社会の宝であり、地方を支える中小企業の復活や中小企業で働く皆さんの賃上げは実現できません。しかし、残念ながら、消費税については一律税率にして減税するという議論は排除され、食料品のみ、二年間限定の減税が議論されているのみです。これでは全く解決になりません。
