speechID,para_id,text,prev_text,next_text,stance,topics,note
121905254X00420251105_006,64,政府は、二〇三〇年に年間六千万人の外国人観光客の受入れと、観光消費額を約十五兆円に拡大するという目標を掲げていますが、他方で、オーバーツーリズム対策を的確に取らないと国民の生活に混乱が生じます。その財源として、国民民主党は、出国税の増税や入国税の創設、外国人観光客に対する消費税免税措置の見直しなどを提案していますが、オーバーツーリズム対策として、高市総理の見解をお示しください。,国民民主党は、カナダのような投機・空室税の創設や、バブル時代に導入していた五年以内の短期の不動産譲渡に対する課税強化を検討しています。高市総理は適正価格の住宅取得をどのように実現するつもりか、伺います。,世界でデータセンター等の電力消費量が急増しています。デジタル化や経済成長の前提は安価で安定的な電力供給であり、そのために原子力発電所の早期再稼働が欠かせません。とりわけ、西日本に比べて割高となっている東日本の安価で安定的な電力供給のためには、柏崎刈羽原子力発電所の再稼働を急ぐべきです。再稼働への技術的準備が整い、あとは新潟県の同意のみとなっていますが、国として柏崎刈羽の再稼働に向けて具体的にどのような役割を果たすつもりか、総理の見解を伺います。,c,l,外国人への消費税課税
121905254X00420251105_014,3,国民の六割が生活が苦しいと答え、年間一万社が倒産する中、悠長に給付つき税額控除を検討している場合ではありません。イギリスでも実現に十数年かかり、総理自身が制度設計に三年はかかると認めています。三十年続く不況に、コロナに、物価高。三重苦に苦しむ国民が望んでいるのは、消費税廃止です。このままでは、失われた三十年は四十年になります。消費税廃止、少なくとも一律五％減税とインボイスの廃止、加えて十万円の現金給付、これこそまず第一にやるべきではないですか。,れいわ新選組は、六年半前、山本太郎がたった一人で党を立ち上げたときから、一貫して消費税廃止を訴えてきました。当時は、どの政党もばかにして取り合いませんでした。それでも、一切空気を読まず、ぶれずに、諦めずに訴え続けてきた結果、今では、国民の実に八割が消費税の廃止、減税を望み、七月の参議院選では、全ての野党が消費税廃止、減税を公約に掲げるまでになりました。,れいわ新選組が消費税廃止にこだわるのは、日本経済が三十年成長していない最大の原因だからです。一回の消費増税で起きる消費の落ち込みは、百年に一度と言われたリーマン・ショックをはるかに上回ります。つまり、日本では、百年に一度の経済恐慌が三十年間で四回起きたことになります。ほかに原因があるなら、それは何ですか。人口減少がとか、企業の内部留保がといった、財務省お決まりの他人事、無責任答弁でなく、総理自身の言葉でお答えください。,a,f;i;j;k,
121905254X00420251105_014,6,物価高対策が急務なのに、自民党のお家騒動による三か月もの政治空白は断じて許せません。しかし、野党も同罪です。なぜ、八月一日にガソリン暫定税率廃止法案を提出しながら、採決せず、五日間で国会を閉じたのですか。国民民主の玉木代表は、通ってしまうからと本音を漏らしていますが、やはり六月に出した法案は通らない前提だったんですか。これだから、与党も野党も茶番だと言われるんです。参議院選で全ての野党が消費税廃止、減税を公約にしているのに、なぜこの三か月間、消費税の協議をしないんですか。全く理解できません。,消費税は社会保障の財源だは、まやかしです。法律に後からつけ加えたお題目にすぎません。消費税は、紛れもなく直間比率是正のために導入されました。現に、消費税導入以来、国民が納めた消費税総額四百九十九兆円のうち、実に六一％、三百五兆円は法人税減税の穴埋めに使われています。国民の皆さん、皆さんがこつこつ払っている消費税の実に六割は大企業のために払っているんですよ。ばかばかしくないですか。消費税が社会保障の財源だと言い張るならば、なぜ特別会計ではなく一般会計なんですか。納得できる説明ができますか。,総理は、雑誌「ＷｉＬＬ」本年九月号の中でこう述べています。石破総理の我が国の財政状況はギリシャよりもよろしくないとの答弁、この答弁書を書いた財務省に対しては苦言を呈しました。債務だけでなく資産を含めたネットで見ると、日本の財政はＧ７中二位です。市場の評価もそうなっています。クレジット・デフォルト・スワップ、これは各国の国債の保険料のようなものですが、日本はＧ７中二位です。自国の通貨を持っていないギリシャの破綻の例や、需要超過の下で更に景気を刺激しようとしたイギリスのトラス・ショックの例を持ち出して危機感をあおる人がいますが、我が国の状況とは全く異なっています。,e,f;g,減税の話をしているが減税派ではない
121905254X00420251105_017,8,この三十年間、消費税は三度増税され、法人税は七回も税率が引き下げられ、富裕層への減税と税優遇も続いています。空前の利益を上げる大企業や大資産家には減税、食費さえ切り詰める庶民には消費税の重い負担、この税制の在り方を総理はどう思われますか。大企業には、今よりも税金を負担する力、担税力があると認めますか。消費税の減税で所得の再分配を行うことが必要ではありませんか。,物価高騰は止まらず、実質賃金も前年同月を下回り続け、暮らしの苦しさは深刻になるばかりです。それなのに、自民党は減税より給付金だと主張して、参院選で過半数割れとなり、消費税減税を求める議員が国会の多数となりました。総理は、給付金は国民の理解を得られなかったので実施しないと表明された。ならば、国民が求める消費税減税を行うことが民意に応える道ではありませんか。,暮らしのためにも、経済のためにも、物価高騰を上回る賃上げが必要です。そして、それは可能です。,a,f;i;,
121905254X00720251208_024,28,次に、消費税について伺います。,財政学では、将来世代にも便益が及ぶ長期的公共投資は国債等の債券で賄うことが理論的に適切とされています。教育、子育て、科学技術への支出は、まさに未来への投資であり、単年度予算では不十分です。人口減少下で、子供の教育負担を軽減し、将来の成長力を高めるためにも、教育国債を活用し、長期安定的にファイナンスする仕組みに改めるべきではないでしょうか。総理の御所見を伺います。,物価高騰が続く中、賃上げが追いつかず、生活も事業も厳しさを増しています。物価高騰対策として、安定的に二％の物価上昇が実現するまで、消費税を五％に引き下げるべきです。複数税率がインボイス導入を招き、企業の事務負担増や免税事業者の取引排除を引き起こしています。単一税率へ戻し、インボイスを廃止し、中小企業を守るためにも、消費税五％への引下げを断行すべきではありませんか。御見解をお伺いします。,e,f;j,
121915254X00420251106_005,12,食料品価格の上昇は止まらず、生活者の体感物価が一〇％を超える中で、早急な支援は待ったなしです。しかし、今回の総理の所信には、給付はやらない、消費税減税は言及なし、給付付き税額控除は制度設計に着手、年収の壁は真摯に議論と述べるにとどまり、いずれもていのよい先送りです。,総理の所信表明では、給付金は国民の皆様の御理解が得られなかったとして実施しないと断言されました。一方、各種メディアが選挙で民意を得たという消費税減税については何も語られませんでした。,地方独自の支援策である重点支援地方交付金は、自治体ごとの準備や手続に差があり、物価高への即効性に欠けます。,e,f,
121915254X00420251106_005,14,連立を組む維新の会は、物価高対策として飲食料品の消費税二年間ゼロを掲げておられます。これは、一人当たり年間二万円から三万円程度の支援に当たり、現下の物価高対策にはその規模の支援が必要だということなのでしょう。しかし、減税は制度改正に時間が掛かります。,地方独自の支援策である重点支援地方交付金は、自治体ごとの準備や手続に差があり、物価高への即効性に欠けます。,そこで、実現までのつなぎとして、年間二万円から三万円程度の支援又は総理が所信でも触れられた電気・ガス料金を半額にするほどの支援が必要となりますが、後者の場合、明らかに地球温暖化対策に逆行をいたします。,e,f;,
121915254X00420251106_009,8,いわゆる年収の壁も給付付き税額控除の導入により大幅に引き上げることができます。年二十万円を基本額として、年収二百万円までは二十万円を全額を給付、二百万円超から給付額を逓減し、三百万円で消失とすれば、例えば年収二百万円の場合は所得税がマイナスになり、給付がなされます。低所得層の社会保険料と消費税負担をかなりカバーできる上、課税最低限は大幅に上がります。課税最低限を引き上げるためにも給付付き税額控除の導入が有効だと思いますが、総理の御見解をお聞かせください。,総理の御判断で、今すぐにでも実現可能なこの簡易版給付付き税額控除の仕組みを始めるつもりはありませんか。総理のお考えをお聞かせください。,次に、総理が目指す強い経済について伺います。,e,,
121915254X00420251106_012,22,政府は、消費税を廃止した場合の経済効果を試算すらしていません。なぜ消費税の廃止や減税を検討しないのか、総理の見解を伺います。,減税の話をすると財源論が必ず出てきますが、税収は増えています。次年度の予算を一・二倍に増やそうとしている今、財源がないとは言えません。,以下、反グローバリズムの観点から質問していきたいと思います。,a,,
121915254X00420251106_026,25,永田町では、野党による消費税減税やるやる詐欺が吹き荒れた。,消費税減税と一律現金給付、この方がずっと早期に実施でき、確実に経済成長しますよ。レジが、エンジニアがと意味不明な言い訳をやめて、さっさと減税と給付金で国民救ってもらっていいですか。総理、やりますか、やりませんか。,昨年十月、大躍進した国民民主党、そこから今年六月の通常国会閉会まで百九十日間も国会が開かれたが、国民民主の議員が国会で消費減税の必要性を政府に求めたのは、たった二回。ちなみに、れいわ新選組は四十五回。議席数も質疑時間もずうっと私たちより多いのに、やる気出してもらっていいですか。,a,k,
121915254X00420251106_026,29,昔は消費税廃止、その後、手のひら返し、消費税増税に加担し続けた公明党。これまで長きにわたり自民党による日本の破壊をサポートしてきたことは仏罰が下るレベル。心を入れ替え、消費税廃止、減税を一緒にやってください。,参政党に至っては、消費税廃止の財源は四十兆円の医療費を半分にすればいいと代表が発言。消費税が下がっても、あなたの大切な人が殺される。お話になりません。,国民の皆さん、何回だまされたら気が付きますか。消費税廃止、減税を確実にやるためには、国会内唯一のガチ勢、れいわ新選組一択です。うそつき政治屋をしばきまくる、れいわ新選組に力を与えてください。あなたが生きているだけで価値がある国を一緒につくりましょう。何があっても心配するな、そんな国をれいわ新選組と一緒につくりましょう。,a,h,
121915254X00720251203_034,22,このような税制ですから、滞納が多いのは当然です。国税の中で滞納が最も多いのが消費税。消費税の新規滞納発生額は、令和四年度が三千六百三十億円、令和五年度が四千三百八十三億円、令和六年度が五千二百九十八億円と、年々増加しています。,経費の全部を差し引くことが認められていないので、赤字の事業者にも納税額が発生します。価格交渉力の弱い事業者や競争の激しい業界では、事業者が自らの利益を削って、場合によっては赤字でも納税させられているのが消費税の実態です。消費税とは、間接税ではなく、事業者に課せられた直接税であるというべきものなのです。,これは、事業者が消費者から預かった消費税を使い込んでしまったというものではなく、元々値上げができず経営が苦しいところに、赤字でも税額が発生する消費税の納税負担に耐えられない事業者が多数いることの表れです。,e,,
121915254X00920251208_004,36,次に、消費税減税についてお尋ねします。,さらに、使用期限内に使ってしまおうと買いだめに走り、家庭内備蓄が増え、結果として米の需給バランスに影響を及ぼす可能性も否定できないと考えますが、以上三点に関して農林水産大臣の見解を伺います。,物価高の中でも、お米を始め食料品の高騰が家計を直撃しています。二〇二四年は、二人以上の世帯でエンゲル係数が過去四十三年間で最高域となる二八・三％まで上昇し、生活費に占める食品の負担が大きくなっていることが示されました。,e,f,
121915254X00920251208_004,38,我々立憲民主党は、食料品の消費税ゼロを実現すべく、衆議院で法案を提出しています。,物価高の中でも、お米を始め食料品の高騰が家計を直撃しています。二〇二四年は、二人以上の世帯でエンゲル係数が過去四十三年間で最高域となる二八・三％まで上昇し、生活費に占める食品の負担が大きくなっていることが示されました。,高市総理は、先週の令和六年度決算に関する本会議で消費税に関して、消費税は、消費に担税力を認めて課されるものであり、多額の消費を行う消費者ほど担税力があるものとして多くの消費税を御負担いただく仕組みとなっていますので、担税力に応じた税負担の配分を意味する税の応能負担の原則は損なわれていないと考えておりますと答弁されていますが、担税力があるから多額の消費をするとは限らないのではないでしょうか。,a,f,
121915254X00920251208_004,39,高市総理は、先週の令和六年度決算に関する本会議で消費税に関して、消費税は、消費に担税力を認めて課されるものであり、多額の消費を行う消費者ほど担税力があるものとして多くの消費税を御負担いただく仕組みとなっていますので、担税力に応じた税負担の配分を意味する税の応能負担の原則は損なわれていないと考えておりますと答弁されていますが、担税力があるから多額の消費をするとは限らないのではないでしょうか。,我々立憲民主党は、食料品の消費税ゼロを実現すべく、衆議院で法案を提出しています。,担税力イコール税を支払うことができる経済的な力や余裕とすると、負担する額面が多いか少ないかだけではなく、生活費に占める消費税の負担割合を考慮しなければ税の応能負担の原則が損なわれていないとは断言できないと考えますが、総理の御認識を伺います。,a,f,
122105254X00320260224_011,16,実現できなければ、国民の皆さんとの約束をほごにすることになります。つなぎという表現をされましたが、食料品消費税ゼロが物価高対策として重要であること、また、この実現を目指し、検討を前向きに加速させる、その思いに変わりはないことを、改めて、総理、明言していただけますか。,我が党としても、食料品消費税ゼロによって、物価高に苦しむ国民の皆さんに即効性ある対策を届けることと、給付つき税額控除により恒久的な制度を確立することが不可欠と考え、総選挙で訴えてまいりました。,我が国の社会保障給付費は、少子高齢化の進展を背景に年々増え続け、二〇二五年度の予算ベースでは百四十・七兆円まで膨張し、高齢者がピークを迎える二〇四〇年度には百九十兆円規模に達すると推計されています。,a,f;i,
122105254X00420260225_003,40,飲食店は外食とテイクアウトの価格差が今の二％差から一〇％差に大きく開くことになり、外食離れが進むと懸念されています。食料品消費税ゼロによる外食離れが外食産業に与える影響と、その対策についてどう考えているか、伺います。,五つ目として、外食離れへの対策です。,六つ目として、簡易課税を選択している事業者への影響です。これは結構大事です。,e,j;l,
122105254X00420260225_003,44,そもそも、消費税率が一〇パー、八パー、〇パーの三つになれば、ややこしいし、インボイスが不可欠となって、事業者の事務は更に複雑化します。消費税率一〇パー、八パー、〇パーの三つの税率が混在する税制は、税の三原則である公平、中立、簡素に反するのではありませんか。総理の考えを伺います。,七つ目として、税制の複雑化です。,八つ目として、減税期間です。,e,l,
122105254X00420260225_003,56,国民民主党としては、国民会議の参加を否定するものではありません。ただ、建設的かつ迅速な議論をするためにも、まずは、衆議院で三分の二以上の議席を占めておられる自民党に、今私が指摘をした十の懸念への回答を含む具体的な消費税減税案をお示しいただきたいと思いますが、いかがでしょうか。,国民会議が税と社会保障の問題について党派を超えて議論する建設的な場になることを期待しておりますが、仮に国民会議で意見がまとまらなかった場合は、野党の反対を理由に食料品消費税ゼロをやめるんでしょうか。それとも、意見がまとまらなくても食料品消費税ゼロを実施するのでしょうか。総理の本音をお答えください。,なお、国民民主党として、もし消費税の減税をするなら、そのときは、食料品だけゼロにするのではなく、全ての品目を単一税率で引き下げた方がいいと考えます。仮に五兆円の減税財源があるなら、例えば一律八％に減税することも一案です。単一税率であれば、インボイスがなくても帳簿保存方式で対応可能であり、より簡素な税制となりますが、総理の考えもお示しください。,a,j,
122105254X00420260225_003,57,なお、国民民主党として、もし消費税の減税をするなら、そのときは、食料品だけゼロにするのではなく、全ての品目を単一税率で引き下げた方がいいと考えます。仮に五兆円の減税財源があるなら、例えば一律八％に減税することも一案です。単一税率であれば、インボイスがなくても帳簿保存方式で対応可能であり、より簡素な税制となりますが、総理の考えもお示しください。,国民民主党としては、国民会議の参加を否定するものではありません。ただ、建設的かつ迅速な議論をするためにも、まずは、衆議院で三分の二以上の議席を占めておられる自民党に、今私が指摘をした十の懸念への回答を含む具体的な消費税減税案をお示しいただきたいと思いますが、いかがでしょうか。,次に、給付つき税額控除について伺います。,a,i,
122105254X00420260225_003,60,そして、給付つき税額控除へのつなぎとして減税を考えるなら、それは、消費税の減税ではなく、所得税か住民税の減税でやるのが筋です。なぜなら、給付つき税額控除の税額控除は、結局、所得税か住民税の税額控除でやることになるからです。消費税減税から所得税、住民税の減税への移行は、税目が異なるので、つなぎにはなりません。,高市総理が、消費税減税はあくまで給付つき税額控除までのつなぎの措置であり、本丸は給付つき税額控除だと考えているなら、給付つき税額控除を優先的に議論してはいかがでしょうか。,そこで、国民民主党が実現可能な対案として提案しているのが、社会保険料還付つきの住民税控除です。,e,i;l,
122105254X00420260225_011,12,また、食料品のみ、二年間限定の減税という設計自体、リスクのあるたてつけです。食料品の消費税減税は、内食と外食の価格差を拡大させ、コロナ禍でも大きな影響を受けた外食産業に打撃を与えるおそれがあります。加えて、二年後に増税直前となるタイミングで、買いだめなどによる混乱や非効率を生じさせる原因にもなり得ます。,現在、政府では、給付つき税額控除の導入と並行して、二年間、食料品の消費税率をゼロにする方針を掲げています。しかし、消費税減税にはリスクも伴います。消費税減税は、円安や長期金利の上昇を招く可能性があります。仮に円安が更に進行すると、輸入物価の上昇により国内の物価高を助長するおそれがあります。,以上の理由から、チームみらいは、今、消費税減税を行うことに対しては慎重であるべきと考えております。こうした懸念に対する総理のお考えを教えてください。,b,l,
122105254X00520260305_024,25,また、議論を本格化させる食品消費税の減税によって、一年間で約五兆円の減収が見込まれます。消費税の減税に伴う地方税財政への影響額がどの程度か、お聞きします。あわせて、地方の財政運営に支障がないようにすべきと考えますが、いかがでしょうか。,所得税制では、いわゆる年収の壁を百七十八万円に引き上げることになりました。約〇・七兆円の減税となりますが、地方交付税への影響について、どのように対応されるか、伺います。,いわゆる教育無償化に係る地方負担三千五百五十二億円の財源としては、租税特別措置の見直しによる交付税の増分及び公庫債権金利変動準備金の活用分が充てられることとされています。その財源の内訳について明らかにしてください。公庫債権金利変動準備金についてはワンショットであり、安定財源についてはどう確保するおつもりなのでしょうか。,e,h;,
122105254X00620260313_085,8,消費税が引き上げられる一方で、法人税は引き下げられ、過去三十年で株主配当は大きく増加しました。この税制の構造を一度白紙に戻し、防衛予算の確保も含めて、税収不足があるのであれば、法人税の在り方も含めて議論することこそ筋ではないでしょうか。,消費税は社会保障のための税だと説明されますが、実際には、一般会計に入る税であり、特定財源ではありません。にもかかわらず、消費減税が社会保障削減につながるかのような説明がなされることは、国民の理解をミスリードしていると言わざるを得ません。,また、オーバーツーリズム対策として出国税を引き上げるのであれば、日本人と外国人を一律三千円とすることにも疑問があります。,e,g;,
122105254X02320260604_014,17,そして、何よりも重要なのは、一時的な支援を続けることよりも、まさに今、物価高で困っている国民や事業者の皆様に施策の効果を届けることではないでしょうか。今行われている食料品の消費税率ゼロの議論も、そもそも物価高対策としての有効性について我々は疑問を呈していますが、実現しても早くても来年四月というのでは遅過ぎるということも指摘せざるを得ません。,補助金頼みの政策にはどうしても限界があります。激変緩和策として、短期で市場価格を抑え、即効性がある点で効果はありますが、長期化すれば財政負担が大きくなってしまう、また、市場の価格機能をゆがませてしまう点にも注意をしなければなりません。補助金での支援はいつまでも続けるべきではなく、明確な出口戦略が必要です。物流、公共交通、農林漁業など、一定の分野への重点支援を強めながら、ガソリンの目安価格の在り方も見直していくべきでしょう。,やはり物価高対策の本丸は、実質的な増税状態の是正、すなわち、税の適正負担に向けた策へ転じ、特にインフレと社会保険料負担がのしかかる現役世代の負担軽減を実現することです。,e,f;,
122115254X00820260407_015,12,そして、日本の成長を妨げてきた最たるものが消費税であります。総理は現役世代に負担が集中することがないから良い税金なのだとおっしゃいますが、価格転嫁もままならない中小零細企業やフリーランスの方々にとって、その負担がいかに重いか、真剣に考えていただきたい。,日本の失われた三十年と言われる長期停滞の根本には、グローバリズムの弊害があります。ここから目を背けたまま政策を進めても、日本の復活はあり得ません。,そして、看過できないのは、中小企業を苦しめる消費税は上げ続けた一方で、法人税は下げ続けてきたという事実であります。これでは、大企業優遇、中小企業切捨てと言われても仕方がないのではないでしょうか。,e,j;k;,
122115254X00820260407_015,13,そして、看過できないのは、中小企業を苦しめる消費税は上げ続けた一方で、法人税は下げ続けてきたという事実であります。これでは、大企業優遇、中小企業切捨てと言われても仕方がないのではないでしょうか。,そして、日本の成長を妨げてきた最たるものが消費税であります。総理は現役世代に負担が集中することがないから良い税金なのだとおっしゃいますが、価格転嫁もままならない中小零細企業やフリーランスの方々にとって、その負担がいかに重いか、真剣に考えていただきたい。,さらに、何度も申し上げるように、消費税は賃上げ妨害税であります。,e,j,
122115254X01820260603_026,21,また、消費税は、赤字の企業であっても課税される、滞納率が最も高い、賃上げの原資を奪っている賃上げ妨害税です。その上、人材投資や設備投資の原資も奪っているわけですから、消費税は投資妨害税であるということも今回から付け加えておきたいと思います。,高市内閣はこれまで、投資の予見性を高めると何度も繰り返してきました。しかし、企業にとって最も大きな予見性とは、国民の購買力が回復し、需要が見込めることではありませんか。国民の手元にお金がなければ、企業の売上げは増えません。売上げの見通しがなければ、賃上げも投資も進みません。,次に、給付付き税額控除の制度設計について。,a,j;k,
122115254X02620260708_021,10,防衛費以外にも、今後、高市総理が悲願とまで言われた食料品消費税ゼロ、官民で総額三百七十兆円規模とされる戦略十七分野への投資など、巨額の財政支出が控えていますが、これらはいずれも具体的な財源が示されておらず、このままでは責任ある積極財政ではなく、無責任な放漫財政であるとのそしりは免れません。市場ではこの財政リスクが懸念され、長期金利は三十年ぶりの水準となり、ドル円相場も三十九年半ぶりに百六十二円台を記録するなど、既に大きな影響が出ています。言葉で責任を標榜しても、実態が伴わなければ何の意味もありません。更なる物価高から国民生活を守るためにも、高市内閣には、財政に対する市場の懸念を払拭すべく、実効的な策を講じることを強く求めるものであります。,しかしながら、政府・与党は、こうした状況を顧みることなく、安保三文書の前倒し改定を進め、ＮＡＴＯが目標として掲げる対ＧＤＰ比三・五％などを念頭に、更なる防衛費の増額を図ろうとしています。仮に対ＧＤＰ比三・五％の防衛費を目指す場合、直近のＧＤＰ水準を踏まえると、額にして約二十三兆円となり、現在の二倍以上の予算規模となります。安全保障環境の変化を踏まえ、防衛力を整備する必要性があることは一定理解をいたしますが、物価高で生活が厳しさを増す中、この巨額防衛費の財源を確保するために、既に国民は防衛増税という負担を強いられています。にもかかわらず、何の反省もなく、またまた数字ありきで予算を増やすようなことは、断じて許されるものではありません。政府には、今回の決算審議で指摘をされた点も含め、防衛費全体の抑制と適正化を図ることを改めて強く求めるものであります。,第二の反対理由は、依然として予備費の正常化がなされていないことです。コロナ禍で予備費が肥大化して以降、巨額の予備費を設けることが常態化していますが、徐々に規模が縮小しつつあるとはいえ、令和六年度においても予算として二兆円が計上されており、いまだ正常化されたとは言い難い規模となっています。,e,f,
122115254X02620260708_027,12,赤字企業にも課税する消費税や社会保険料の減額を検討しない限り、日本社会の宝であり、地方を支える中小企業の復活や中小企業で働く皆さんの賃上げは実現できません。しかし、残念ながら、消費税については一律税率にして減税するという議論は排除され、食料品のみ、二年間限定の減税が議論されているのみです。これでは全く解決になりません。,同じことが社会保険料にも言えます。倒産の直接原因に国自身が課す公租公課が上がっており、その大きな要因を消費税、社会保険料が占めている以上、これはもはや経営者の失敗による、経営者の失敗による滞納ではなく、政府の失政による倒産であると言わざるを得ません。政府は、この事実を決算上どう総括するのでしょうか。,だから、私たち参政党は、国民負担率に三五％のキャップをはめること、そして消費税の段階的廃止を訴えています。私たちが訴える消費税の減税、廃止議論は、物価対策ではありません。消費税を減税しても、物価は税率どおりには下がりません。消費税減税、廃止とは、今の物価高、人件費高騰に苦しむ中小企業を支援する究極の中小企業支援策なのです。,a,j;k;,
